UT,DEPARTAMENTO,PROVINCIA,DISTRITO,UBIGEO,USUARIOS_ABONADOS,PUNTOS_PAGO
AMAZONAS - BAGUA,AMAZONAS,BAGUA,ARAMANGO,010202,1002,4
AMAZONAS - BAGUA,AMAZONAS,BAGUA,BAGUA,010201,756,3
AMAZONAS - BAGUA,AMAZONAS,BAGUA,COPALLÍN,010203,477,1
AMAZONAS - BAGUA,AMAZONAS,BAGUA,EL PARCO,010204,127,0
AMAZONAS - BAGUA,AMAZONAS,BAGUA,LA PECA,010206,671,3
AMAZONAS - BAGUA,AMAZONAS,BONGARÁ,CHISQUILLA,010302,25,1
AMAZONAS - BAGUA,AMAZONAS,BONGARÁ,CHURUJA,010303,7,0
AMAZONAS - BAGUA,AMAZONAS,BONGARÁ,COROSHA,010304,94,1
AMAZONAS - BAGUA,AMAZONAS,BONGARÁ,CUISPES,010305,42,1
AMAZONAS - BAGUA,AMAZONAS,BONGARÁ,FLORIDA,010306,291,2
AMAZONAS - BAGUA,AMAZONAS,BONGARÁ,JAZÁN,010307,286,3
AMAZONAS - BAGUA,AMAZONAS,BONGARÁ,JUMBILLA,010301,70,1
AMAZONAS - BAGUA,AMAZONAS,BONGARÁ,RECTA,010308,23,0
AMAZONAS - BAGUA,AMAZONAS,BONGARÁ,SAN CARLOS,010309,5,1
AMAZONAS - BAGUA,AMAZONAS,BONGARÁ,SHIPASBAMBA,010310,117,1
AMAZONAS - BAGUA,AMAZONAS,BONGARÁ,VALERA,010311,41,0
AMAZONAS - BAGUA,AMAZONAS,BONGARÁ,YAMBRASBAMBA,010312,563,3
AMAZONAS - BAGUA,AMAZONAS,CHACHAPOYAS,ASUNCIÓN,010102,13,1
AMAZONAS - BAGUA,AMAZONAS,CHACHAPOYAS,BALSAS,010103,97,1
AMAZONAS - BAGUA,AMAZONAS,CHACHAPOYAS,CHACHAPOYAS,010101,610,3
AMAZONAS - BAGUA,AMAZONAS,CHACHAPOYAS,CHETO,010104,37,1
AMAZONAS - BAGUA,AMAZONAS,CHACHAPOYAS,CHILIQUÍN,010105,49,1
AMAZONAS - BAGUA,AMAZONAS,CHACHAPOYAS,CHUQUIBAMBA,010106,162,1
AMAZONAS - BAGUA,AMAZONAS,CHACHAPOYAS,GRANADA,010107,24,1
AMAZONAS - BAGUA,AMAZONAS,CHACHAPOYAS,HUANCAS,010108,28,0
AMAZONAS - BAGUA,AMAZONAS,CHACHAPOYAS,LA JALCA,010109,599,1
AMAZONAS - BAGUA,AMAZONAS,CHACHAPOYAS,LEIMEBAMBA,010110,188,2
AMAZONAS - BAGUA,AMAZONAS,CHACHAPOYAS,LEVANTO,010111,23,1
AMAZONAS - BAGUA,AMAZONAS,CHACHAPOYAS,MAGDALENA,010112,56,1
AMAZONAS - BAGUA,AMAZONAS,CHACHAPOYAS,MARISCAL CASTILLA,010113,58,1
AMAZONAS - BAGUA,AMAZONAS,CHACHAPOYAS,MOLINOPAMPA,010114,140,1
AMAZONAS - BAGUA,AMAZONAS,CHACHAPOYAS,MONTEVIDEO,010115,24,0
AMAZONAS - BAGUA,AMAZONAS,CHACHAPOYAS,OLLEROS,010116,25,0
AMAZONAS - BAGUA,AMAZONAS,CHACHAPOYAS,QUINJALCA,010117,64,0
AMAZONAS - BAGUA,AMAZONAS,CHACHAPOYAS,SAN FRANCISCO DE DAGUAS,010118,8,0
AMAZONAS - BAGUA,AMAZONAS,CHACHAPOYAS,SAN ISIDRO DE MAINO,010119,45,1
AMAZONAS - BAGUA,AMAZONAS,CHACHAPOYAS,SOLOCO,010120,92,1
AMAZONAS - BAGUA,AMAZONAS,CHACHAPOYAS,SONCHE,010121,17,0
AMAZONAS - BAGUA,AMAZONAS,LUYA,CAMPORREDONDO,010502,637,7
AMAZONAS - BAGUA,AMAZONAS,LUYA,COCABAMBA,010503,193,1
AMAZONAS - BAGUA,AMAZONAS,LUYA,COLCAMAR,010504,141,1
AMAZONAS - BAGUA,AMAZONAS,LUYA,CONILA,010505,158,2
AMAZONAS - BAGUA,AMAZONAS,LUYA,INGUILPATA,010506,16,1
AMAZONAS - BAGUA,AMAZONAS,LUYA,LÁMUD,010501,71,2
AMAZONAS - BAGUA,AMAZONAS,LUYA,LONGUITA,010507,94,2
AMAZONAS - BAGUA,AMAZONAS,LUYA,LONYA CHICO,010508,64,0
AMAZONAS - BAGUA,AMAZONAS,LUYA,LUYA,010509,175,1
AMAZONAS - BAGUA,AMAZONAS,LUYA,LUYA VIEJO,010510,31,1
AMAZONAS - BAGUA,AMAZONAS,LUYA,MARÍA,010511,53,1
AMAZONAS - BAGUA,AMAZONAS,LUYA,OCALLÍ,010512,258,4
AMAZONAS - BAGUA,AMAZONAS,LUYA,OCÚMAL,010513,353,3
AMAZONAS - BAGUA,AMAZONAS,LUYA,PISUQUÍA,010514,541,1
AMAZONAS - BAGUA,AMAZONAS,LUYA,PROVIDENCIA,010515,150,2
AMAZONAS - BAGUA,AMAZONAS,LUYA,SAN CRISTÓBAL,010516,45,1
AMAZONAS - BAGUA,AMAZONAS,LUYA,SAN FRANCISCO DEL YESO,010517,48,0
AMAZONAS - BAGUA,AMAZONAS,LUYA,SAN JERÓNIMO,010518,48,0
AMAZONAS - BAGUA,AMAZONAS,LUYA,SAN JUAN DE LOPECANCHA,010519,27,0
AMAZONAS - BAGUA,AMAZONAS,LUYA,SANTA CATALINA,010520,208,0
AMAZONAS - BAGUA,AMAZONAS,LUYA,SANTO TOMÁS,010521,244,1
AMAZONAS - BAGUA,AMAZONAS,LUYA,TINGO,010522,84,1
AMAZONAS - BAGUA,AMAZONAS,LUYA,TRITA,010523,110,1
AMAZONAS - BAGUA,AMAZONAS,RODRÍGUEZ DE MENDOZA,CHIRIMOTO,010602,200,1
AMAZONAS - BAGUA,AMAZONAS,RODRÍGUEZ DE MENDOZA,COCHAMAL,010603,56,1
AMAZONAS - BAGUA,AMAZONAS,RODRÍGUEZ DE MENDOZA,HUAMBO,010604,58,1
AMAZONAS - BAGUA,AMAZONAS,RODRÍGUEZ DE MENDOZA,LIMABAMBA,010605,150,1
AMAZONAS - BAGUA,AMAZONAS,RODRÍGUEZ DE MENDOZA,LONGAR,010606,64,1
AMAZONAS - BAGUA,AMAZONAS,RODRÍGUEZ DE MENDOZA,MARISCAL BENAVIDES,010607,88,1
AMAZONAS - BAGUA,AMAZONAS,RODRÍGUEZ DE MENDOZA,MILPUC,010608,13,0
AMAZONAS - BAGUA,AMAZONAS,RODRÍGUEZ DE MENDOZA,OMIA,010609,879,1
AMAZONAS - BAGUA,AMAZONAS,RODRÍGUEZ DE MENDOZA,SAN NICOLÁS,010601,113,2
AMAZONAS - BAGUA,AMAZONAS,RODRÍGUEZ DE MENDOZA,SANTA ROSA,010610,35,0
AMAZONAS - BAGUA,AMAZONAS,RODRÍGUEZ DE MENDOZA,TOTORA,010611,8,0
AMAZONAS - BAGUA,AMAZONAS,RODRÍGUEZ DE MENDOZA,VISTA ALEGRE,010612,369,0
AMAZONAS - BAGUA,AMAZONAS,UTCUBAMBA,BAGUA GRANDE,010701,2768,6
AMAZONAS - BAGUA,AMAZONAS,UTCUBAMBA,CAJARURO,010702,2695,7
AMAZONAS - BAGUA,AMAZONAS,UTCUBAMBA,CUMBA,010703,1006,10
AMAZONAS - BAGUA,AMAZONAS,UTCUBAMBA,EL MILAGRO,010704,400,1
AMAZONAS - BAGUA,AMAZONAS,UTCUBAMBA,JAMALCA,010705,782,1
AMAZONAS - BAGUA,AMAZONAS,UTCUBAMBA,LONYA GRANDE,010706,951,2
AMAZONAS - BAGUA,AMAZONAS,UTCUBAMBA,YAMÓN,010707,292,2
AMAZONAS - CONDORCANQUI,AMAZONAS,BAGUA,IMAZA,010205,3649,11
AMAZONAS - CONDORCANQUI,AMAZONAS,CONDORCANQUI,EL CENEPA,010402,1987,5
AMAZONAS - CONDORCANQUI,AMAZONAS,CONDORCANQUI,NIEVA,010401,3473,14
AMAZONAS - CONDORCANQUI,AMAZONAS,CONDORCANQUI,RÍO SANTIAGO,010403,2591,6
ANCASH,ÁNCASH,AIJA,AIJA,020201,36,2
ANCASH,ÁNCASH,AIJA,CORIS,020202,130,1
ANCASH,ÁNCASH,AIJA,HUACLLÁN,020203,26,1
ANCASH,ÁNCASH,AIJA,LA MERCED,020204,109,1
ANCASH,ÁNCASH,AIJA,SUCCHA,020205,33,1
ANCASH,ÁNCASH,ANTONIO RAYMONDI,ACZO,020302,166,1
ANCASH,ÁNCASH,ANTONIO RAYMONDI,CHACCHO,020303,99,1
ANCASH,ÁNCASH,ANTONIO RAYMONDI,CHINGAS,020304,167,2
ANCASH,ÁNCASH,ANTONIO RAYMONDI,LLAMELLÍN,020301,191,3
ANCASH,ÁNCASH,ANTONIO RAYMONDI,MIRGAS,020305,429,2
ANCASH,ÁNCASH,ANTONIO RAYMONDI,SAN JUAN DE RONTOY,020306,111,1
ANCASH,ÁNCASH,ASUNCIÓN,ACOCHACA,020402,220,1
ANCASH,ÁNCASH,ASUNCIÓN,CHACAS,020401,111,2
ANCASH,ÁNCASH,BOLOGNESI,ABELARDO PARDO LEZAMETA,020502,4,1
ANCASH,ÁNCASH,BOLOGNESI,ANTONIO RAYMONDI,020503,52,1
ANCASH,ÁNCASH,BOLOGNESI,AQUIA,020504,35,1
ANCASH,ÁNCASH,BOLOGNESI,CAJACAY,020505,26,0
ANCASH,ÁNCASH,BOLOGNESI,CANIS,020506,5,0
ANCASH,ÁNCASH,BOLOGNESI,CHIQUIÁN,020501,47,1
ANCASH,ÁNCASH,BOLOGNESI,COLQUIOC,020507,44,1
ANCASH,ÁNCASH,BOLOGNESI,HUALLANCA,020508,128,2
ANCASH,ÁNCASH,BOLOGNESI,HUASTA,020509,39,1
ANCASH,ÁNCASH,BOLOGNESI,HUAYLLACAYÁN,020510,50,1
ANCASH,ÁNCASH,BOLOGNESI,LA PRIMAVERA,020511,12,0
ANCASH,ÁNCASH,BOLOGNESI,MANGAS,020512,18,1
ANCASH,ÁNCASH,BOLOGNESI,PACLLÓN,020513,58,1
ANCASH,ÁNCASH,BOLOGNESI,SAN MIGUEL DE CORPANQUI,020514,10,0
ANCASH,ÁNCASH,BOLOGNESI,TICLLOS,020515,27,1
ANCASH,ÁNCASH,CARHUAZ,ACOPAMPA,020602,55,1
ANCASH,ÁNCASH,CARHUAZ,AMASHCA,020603,56,0
ANCASH,ÁNCASH,CARHUAZ,ANTA,020604,171,1
ANCASH,ÁNCASH,CARHUAZ,ATAQUERO,020605,95,1
ANCASH,ÁNCASH,CARHUAZ,CARHUAZ,020601,331,4
ANCASH,ÁNCASH,CARHUAZ,MARCARÁ,020606,583,2
ANCASH,ÁNCASH,CARHUAZ,PARIAHUANCA,020607,86,1
ANCASH,ÁNCASH,CARHUAZ,SAN MIGUEL DE ACO,020608,211,0
ANCASH,ÁNCASH,CARHUAZ,SHILLA,020609,142,2
ANCASH,ÁNCASH,CARHUAZ,TINCO,020610,97,0
ANCASH,ÁNCASH,CARHUAZ,YUNGAR,020611,228,0
ANCASH,ÁNCASH,CARLOS FERMÍN FITZCARRALD,SAN LUIS,020701,845,7
ANCASH,ÁNCASH,CARLOS FERMÍN FITZCARRALD,SAN NICOLÁS,020702,322,2
ANCASH,ÁNCASH,CARLOS FERMÍN FITZCARRALD,YAUYA,020703,396,3
ANCASH,ÁNCASH,CASMA,BUENA VISTA ALTA,020802,291,1
ANCASH,ÁNCASH,CASMA,CASMA,020801,670,3
ANCASH,ÁNCASH,CASMA,COMANDANTE NOEL,020803,61,1
ANCASH,ÁNCASH,CASMA,YAUTÁN,020804,597,3
ANCASH,ÁNCASH,CORONGO,ACO,020902,33,1
ANCASH,ÁNCASH,CORONGO,BAMBAS,020903,37,1
ANCASH,ÁNCASH,CORONGO,CORONGO,020901,84,2
ANCASH,ÁNCASH,CORONGO,CUSCA,020904,123,1
ANCASH,ÁNCASH,CORONGO,LA PAMPA,020905,54,1
ANCASH,ÁNCASH,CORONGO,YÁNAC,020906,54,1
ANCASH,ÁNCASH,CORONGO,YUPÁN,020907,9,0
ANCASH,ÁNCASH,HUARAZ,COCHABAMBA,020102,175,1
ANCASH,ÁNCASH,HUARAZ,COLCABAMBA,020103,8,0
ANCASH,ÁNCASH,HUARAZ,HUANCHAY,020104,121,0
ANCASH,ÁNCASH,HUARAZ,HUARAZ,020101,758,5
ANCASH,ÁNCASH,HUARAZ,INDEPENDENCIA,020105,749,2
ANCASH,ÁNCASH,HUARAZ,JANGAS,020106,119,1
ANCASH,ÁNCASH,HUARAZ,LA LIBERTAD,020107,95,1
ANCASH,ÁNCASH,HUARAZ,OLLEROS,020108,67,1
ANCASH,ÁNCASH,HUARAZ,PAMPAS GRANDE,020109,27,1
ANCASH,ÁNCASH,HUARAZ,PARIACOTO,020110,413,1
ANCASH,ÁNCASH,HUARAZ,PIRA,020111,229,1
ANCASH,ÁNCASH,HUARAZ,TARICA,020112,164,1
ANCASH,ÁNCASH,HUARI,ANRA,021002,131,2
ANCASH,ÁNCASH,HUARI,CAJAY,021003,294,0
ANCASH,ÁNCASH,HUARI,CHAVÍN DE HUÁNTAR,021004,786,2
ANCASH,ÁNCASH,HUARI,HUACACHI,021005,157,2
ANCASH,ÁNCASH,HUARI,HUACCHIS,021006,126,1
ANCASH,ÁNCASH,HUARI,HUACHIS,021007,299,0
ANCASH,ÁNCASH,HUARI,HUÁNTAR,021008,194,1
ANCASH,ÁNCASH,HUARI,HUARI,021001,377,5
ANCASH,ÁNCASH,HUARI,MASIN,021009,90,1
ANCASH,ÁNCASH,HUARI,PAUCAS,021010,138,1
ANCASH,ÁNCASH,HUARI,PONTÓ,021011,196,2
ANCASH,ÁNCASH,HUARI,RAHUAPAMPA,021012,30,1
ANCASH,ÁNCASH,HUARI,RAPAYÁN,021013,106,1
ANCASH,ÁNCASH,HUARI,SAN MARCOS,021014,950,6
ANCASH,ÁNCASH,HUARI,SAN PEDRO DE CHANA,021015,223,1
ANCASH,ÁNCASH,HUARI,UCO,021016,36,1
ANCASH,ÁNCASH,HUARMEY,COCHAPETI,021102,69,0
ANCASH,ÁNCASH,HUARMEY,CULEBRAS,021103,51,1
ANCASH,ÁNCASH,HUARMEY,HUARMEY,021101,519,2
ANCASH,ÁNCASH,HUARMEY,HUAYÁN,021104,38,1
ANCASH,ÁNCASH,HUARMEY,MALVAS,021105,30,1
ANCASH,ÁNCASH,HUAYLAS,CARAZ,021201,824,5
ANCASH,ÁNCASH,HUAYLAS,HUALLANCA,021202,31,0
ANCASH,ÁNCASH,HUAYLAS,HUATA,021203,114,1
ANCASH,ÁNCASH,HUAYLAS,HUAYLAS,021204,99,1
ANCASH,ÁNCASH,HUAYLAS,MATO,021205,126,0
ANCASH,ÁNCASH,HUAYLAS,PAMPAROMAS,021206,865,3
ANCASH,ÁNCASH,HUAYLAS,PUEBLO LIBRE,021207,522,0
ANCASH,ÁNCASH,HUAYLAS,SANTA CRUZ,021208,401,3
ANCASH,ÁNCASH,HUAYLAS,SANTO TORIBIO,021209,74,1
ANCASH,ÁNCASH,HUAYLAS,YURACMARCA,021210,252,1
ANCASH,ÁNCASH,MARISCAL LUZURIAGA,CASCA,021302,427,1
ANCASH,ÁNCASH,MARISCAL LUZURIAGA,ELEAZAR GUZMÁN BARRÓN,021303,129,1
ANCASH,ÁNCASH,MARISCAL LUZURIAGA,FIDEL OLIVAS ESCUDERO,021304,199,3
ANCASH,ÁNCASH,MARISCAL LUZURIAGA,LLAMA,021305,85,3
ANCASH,ÁNCASH,MARISCAL LUZURIAGA,LLUMPA,021306,676,1
ANCASH,ÁNCASH,MARISCAL LUZURIAGA,LUCMA,021307,272,1
ANCASH,ÁNCASH,MARISCAL LUZURIAGA,MUSGA,021308,30,1
ANCASH,ÁNCASH,MARISCAL LUZURIAGA,PISCOBAMBA,021301,146,4
ANCASH,ÁNCASH,OCROS,ACAS,021402,15,1
ANCASH,ÁNCASH,OCROS,CAJAMARQUILLA,021403,2,0
ANCASH,ÁNCASH,OCROS,CARHUAPAMPA,021404,5,1
ANCASH,ÁNCASH,OCROS,COCHAS,021405,113,1
ANCASH,ÁNCASH,OCROS,CONGAS,021406,15,1
ANCASH,ÁNCASH,OCROS,OCROS,021401,57,1
ANCASH,ÁNCASH,OCROS,SAN CRISTÓBAL DE RAJÁN,021408,10,1
ANCASH,ÁNCASH,OCROS,SAN PEDRO,021409,8,0
ANCASH,ÁNCASH,OCROS,SANTIAGO DE CHILCAS,021410,21,1
ANCASH,ÁNCASH,PALLASCA,BOLOGNESI,021502,33,2
ANCASH,ÁNCASH,PALLASCA,CABANA,021501,115,1
ANCASH,ÁNCASH,PALLASCA,CONCHUCOS,021503,835,8
ANCASH,ÁNCASH,PALLASCA,HUACASCHUQUE,021504,38,0
ANCASH,ÁNCASH,PALLASCA,HUANDOVAL,021505,33,0
ANCASH,ÁNCASH,PALLASCA,LACABAMBA,021506,43,1
ANCASH,ÁNCASH,PALLASCA,LLAPO,021507,35,1
ANCASH,ÁNCASH,PALLASCA,PALLASCA,021508,188,2
ANCASH,ÁNCASH,PALLASCA,PAMPAS,021509,289,3
ANCASH,ÁNCASH,PALLASCA,SANTA ROSA,021510,38,1
ANCASH,ÁNCASH,PALLASCA,TAUCA,021511,170,1
ANCASH,ÁNCASH,POMABAMBA,HUAYLLÁN,021602,321,1
ANCASH,ÁNCASH,POMABAMBA,PAROBAMBA,021603,622,5
ANCASH,ÁNCASH,POMABAMBA,POMABAMBA,021601,1280,8
ANCASH,ÁNCASH,POMABAMBA,QUINUABAMBA,021604,302,1
ANCASH,ÁNCASH,RECUAY,CÁTAC,021702,130,1
ANCASH,ÁNCASH,RECUAY,COTAPARACO,021703,9,1
ANCASH,ÁNCASH,RECUAY,HUAYLLAPAMPA,021704,32,1
ANCASH,ÁNCASH,RECUAY,LLACLLÍN,021705,47,1
ANCASH,ÁNCASH,RECUAY,MARCA,021706,12,1
ANCASH,ÁNCASH,RECUAY,PAMPAS CHICO,021707,34,0
ANCASH,ÁNCASH,RECUAY,PARARÍN,021708,59,0
ANCASH,ÁNCASH,RECUAY,RECUAY,021701,216,1
ANCASH,ÁNCASH,RECUAY,TAPACOCHA,021709,21,1
ANCASH,ÁNCASH,RECUAY,TICAPAMPA,021710,84,1
ANCASH,ÁNCASH,SANTA,CÁCERES DEL PERÚ,021802,201,1
ANCASH,ÁNCASH,SANTA,CHIMBOTE,021801,1611,3
ANCASH,ÁNCASH,SANTA,COISHCO,021803,226,1
ANCASH,ÁNCASH,SANTA,MACATE,021804,199,1
ANCASH,ÁNCASH,SANTA,MORO,021805,179,1
ANCASH,ÁNCASH,SANTA,NEPEÑA,021806,213,3
ANCASH,ÁNCASH,SANTA,NUEVO CHIMBOTE,021809,1429,2
ANCASH,ÁNCASH,SANTA,SAMANCO,021807,110,2
ANCASH,ÁNCASH,SANTA,SANTA,021808,372,2
ANCASH,ÁNCASH,SIHUAS,ACOBAMBA,021902,164,1
ANCASH,ÁNCASH,SIHUAS,ALFONSO UGARTE,021903,37,0
ANCASH,ÁNCASH,SIHUAS,CASHAPAMPA,021904,172,1
ANCASH,ÁNCASH,SIHUAS,CHINGALPO,021905,72,1
ANCASH,ÁNCASH,SIHUAS,HUAYLLABAMBA,021906,349,2
ANCASH,ÁNCASH,SIHUAS,QUICHES,021907,221,1
ANCASH,ÁNCASH,SIHUAS,RAGASH,021908,220,1
ANCASH,ÁNCASH,SIHUAS,SAN JUAN,021909,885,6
ANCASH,ÁNCASH,SIHUAS,SICSIBAMBA,021910,124,1
ANCASH,ÁNCASH,SIHUAS,SIHUAS,021901,125,2
ANCASH,ÁNCASH,YUNGAY,CASCAPARA,022002,141,1
ANCASH,ÁNCASH,YUNGAY,MANCOS,022003,139,1
ANCASH,ÁNCASH,YUNGAY,MATACOTO,022004,58,1
ANCASH,ÁNCASH,YUNGAY,QUILLO,022005,1245,4
ANCASH,ÁNCASH,YUNGAY,RANRAHIRCA,022006,171,1
ANCASH,ÁNCASH,YUNGAY,SHUPLUY,022007,146,0
ANCASH,ÁNCASH,YUNGAY,YANAMA,022008,515,5
ANCASH,ÁNCASH,YUNGAY,YUNGAY,022001,571,3
APURIMAC,APURÍMAC,ABANCAY,ABANCAY,030101,1719,10
APURIMAC,APURÍMAC,ABANCAY,CHACOCHE,030102,95,1
APURIMAC,APURÍMAC,ABANCAY,CIRCA,030103,74,0
APURIMAC,APURÍMAC,ABANCAY,CURAHUASI,030104,929,4
APURIMAC,APURÍMAC,ABANCAY,HUANIPACA,030105,243,2
APURIMAC,APURÍMAC,ABANCAY,LAMBRAMA,030106,106,1
APURIMAC,APURÍMAC,ABANCAY,PICHIRHUA,030107,203,1
APURIMAC,APURÍMAC,ABANCAY,SAN PEDRO DE CACHORA,030108,149,2
APURIMAC,APURÍMAC,ABANCAY,TAMBURCO,030109,255,1
APURIMAC,APURÍMAC,ANDAHUAYLAS,ANDAHUAYLAS,030201,1673,9
APURIMAC,APURÍMAC,ANDAHUAYLAS,ANDARAPA,030202,656,1
APURIMAC,APURÍMAC,ANDAHUAYLAS,CHIARA,030203,94,1
APURIMAC,APURÍMAC,ANDAHUAYLAS,HUANCARAMA,030204,394,4
APURIMAC,APURÍMAC,ANDAHUAYLAS,HUANCARAY,030205,355,1
APURIMAC,APURÍMAC,ANDAHUAYLAS,HUAYANA,030206,82,1
APURIMAC,APURÍMAC,ANDAHUAYLAS,JOSÉ MARÍA ARGUEDAS,030220,461,1
APURIMAC,APURÍMAC,ANDAHUAYLAS,KAQUIABAMBA,030219,108,1
APURIMAC,APURÍMAC,ANDAHUAYLAS,KISHUARA,030207,621,4
APURIMAC,APURÍMAC,ANDAHUAYLAS,PACOBAMBA,030208,285,1
APURIMAC,APURÍMAC,ANDAHUAYLAS,PACUCHA,030209,622,1
APURIMAC,APURÍMAC,ANDAHUAYLAS,PAMPACHIRI,030210,228,1
APURIMAC,APURÍMAC,ANDAHUAYLAS,POMACOCHA,030211,77,1
APURIMAC,APURÍMAC,ANDAHUAYLAS,SAN ANTONIO DE CACHI,030212,259,2
APURIMAC,APURÍMAC,ANDAHUAYLAS,SAN JERÓNIMO,030213,1081,8
APURIMAC,APURÍMAC,ANDAHUAYLAS,SAN MIGUEL DE CHACCRAMPA,030214,207,1
APURIMAC,APURÍMAC,ANDAHUAYLAS,SANTA MARÍA DE CHICMO,030215,606,1
APURIMAC,APURÍMAC,ANDAHUAYLAS,TALAVERA,030216,1012,3
APURIMAC,APURÍMAC,ANDAHUAYLAS,TUMAY HUARACA,030217,168,1
APURIMAC,APURÍMAC,ANDAHUAYLAS,TURPO,030218,412,2
APURIMAC,APURÍMAC,ANTABAMBA,ANTABAMBA,030301,240,1
APURIMAC,APURÍMAC,ANTABAMBA,EL ORO,030302,32,0
APURIMAC,APURÍMAC,ANTABAMBA,HUAQUIRCA,030303,149,0
APURIMAC,APURÍMAC,ANTABAMBA,JUAN ESPINOZA MEDRANO,030304,153,1
APURIMAC,APURÍMAC,ANTABAMBA,OROPESA,030305,233,1
APURIMAC,APURÍMAC,ANTABAMBA,PACHACONAS,030306,72,1
APURIMAC,APURÍMAC,ANTABAMBA,SABAINO,030307,113,1
APURIMAC,APURÍMAC,AYMARAES,CAPAYA,030402,40,1
APURIMAC,APURÍMAC,AYMARAES,CARAYBAMBA,030403,60,0
APURIMAC,APURÍMAC,AYMARAES,CHALHUANCA,030401,190,2
APURIMAC,APURÍMAC,AYMARAES,CHAPIMARCA,030404,163,2
APURIMAC,APURÍMAC,AYMARAES,COLCABAMBA,030405,55,0
APURIMAC,APURÍMAC,AYMARAES,COTARUSE,030406,90,1
APURIMAC,APURÍMAC,AYMARAES,IHUAYLLO,030407,27,0
APURIMAC,APURÍMAC,AYMARAES,JUSTO APU SAHUARAURA,030408,67,0
APURIMAC,APURÍMAC,AYMARAES,LUCRE,030409,150,0
APURIMAC,APURÍMAC,AYMARAES,POCOHUANCA,030410,68,0
APURIMAC,APURÍMAC,AYMARAES,SAN JUAN DE CHACÑA,030411,61,0
APURIMAC,APURÍMAC,AYMARAES,SAÑAYCA,030412,76,0
APURIMAC,APURÍMAC,AYMARAES,SORAYA,030413,69,1
APURIMAC,APURÍMAC,AYMARAES,TAPAIRIHUA,030414,175,1
APURIMAC,APURÍMAC,AYMARAES,TINTAY,030415,172,2
APURIMAC,APURÍMAC,AYMARAES,TORAYA,030416,96,1
APURIMAC,APURÍMAC,AYMARAES,YANACA,030417,75,2
APURIMAC,APURÍMAC,CHINCHEROS,AHUAYRO,030612,89,1
APURIMAC,APURÍMAC,CHINCHEROS,ANCO-HUALLO,030602,893,3
APURIMAC,APURÍMAC,CHINCHEROS,CHINCHEROS,030601,422,2
APURIMAC,APURÍMAC,CHINCHEROS,COCHARCAS,030603,177,1
APURIMAC,APURÍMAC,CHINCHEROS,EL PORVENIR,030610,226,1
APURIMAC,APURÍMAC,CHINCHEROS,HUACCANA,030604,493,1
APURIMAC,APURÍMAC,CHINCHEROS,LOS CHANKAS,030611,132,0
APURIMAC,APURÍMAC,CHINCHEROS,OCOBAMBA,030605,808,1
APURIMAC,APURÍMAC,CHINCHEROS,ONGOY,030606,255,1
APURIMAC,APURÍMAC,CHINCHEROS,RANRACANCHA,030608,444,1
APURIMAC,APURÍMAC,CHINCHEROS,ROCCHACC,030609,369,1
APURIMAC,APURÍMAC,CHINCHEROS,URANMARCA,030607,277,1
APURIMAC,APURÍMAC,COTABAMBAS,CHALLHUAHUACHO,030506,764,2
APURIMAC,APURÍMAC,COTABAMBAS,COTABAMBAS,030502,390,1
APURIMAC,APURÍMAC,COTABAMBAS,COYLLURQUI,030503,754,1
APURIMAC,APURÍMAC,COTABAMBAS,HAQUIRA,030504,753,4
APURIMAC,APURÍMAC,COTABAMBAS,MARA,030505,642,1
APURIMAC,APURÍMAC,COTABAMBAS,TAMBOBAMBA,030501,1085,3
APURIMAC,APURÍMAC,GRAU,CHUQUIBAMBILLA,030701,358,2
APURIMAC,APURÍMAC,GRAU,CURASCO,030714,125,1
APURIMAC,APURÍMAC,GRAU,CURPAHUASI,030702,183,1
APURIMAC,APURÍMAC,GRAU,GAMARRA,030703,244,2
APURIMAC,APURÍMAC,GRAU,HUAYLLATI,030704,131,2
APURIMAC,APURÍMAC,GRAU,MAMARA,030705,50,0
APURIMAC,APURÍMAC,GRAU,MICAELA BASTIDAS,030706,72,0
APURIMAC,APURÍMAC,GRAU,PATAYPAMPA,030707,63,0
APURIMAC,APURÍMAC,GRAU,PROGRESO,030708,344,1
APURIMAC,APURÍMAC,GRAU,SAN ANTONIO,030709,18,0
APURIMAC,APURÍMAC,GRAU,SANTA ROSA,030710,48,0
APURIMAC,APURÍMAC,GRAU,TURPAY,030711,44,0
APURIMAC,APURÍMAC,GRAU,VILCABAMBA,030712,92,1
APURIMAC,APURÍMAC,GRAU,VIRUNDO,030713,67,0
AREQUIPA,AREQUIPA,AREQUIPA,ALTO SELVA ALEGRE,040102,252,2
AREQUIPA,AREQUIPA,AREQUIPA,AREQUIPA,040101,10,2
AREQUIPA,AREQUIPA,AREQUIPA,CAYMA,040103,370,2
AREQUIPA,AREQUIPA,AREQUIPA,CERRO COLORADO,040104,1197,3
AREQUIPA,AREQUIPA,AREQUIPA,CHARACATO,040105,47,1
AREQUIPA,AREQUIPA,AREQUIPA,CHIGUATA,040106,27,1
AREQUIPA,AREQUIPA,AREQUIPA,JACOBO HUNTER,040107,76,2
AREQUIPA,AREQUIPA,AREQUIPA,JOSÉ LUIS BUSTAMANTE Y RIVERO,040129,39,1
AREQUIPA,AREQUIPA,AREQUIPA,LA JOYA,040108,317,3
AREQUIPA,AREQUIPA,AREQUIPA,MARIANO MELGAR,040109,299,3
AREQUIPA,AREQUIPA,AREQUIPA,MIRAFLORES,040110,79,1
AREQUIPA,AREQUIPA,AREQUIPA,MOLLEBAYA,040111,43,1
AREQUIPA,AREQUIPA,AREQUIPA,PAUCARPATA,040112,302,4
AREQUIPA,AREQUIPA,AREQUIPA,POLOBAYA,040114,3,1
AREQUIPA,AREQUIPA,AREQUIPA,QUEQUEÑA,040115,36,1
AREQUIPA,AREQUIPA,AREQUIPA,SABANDÍA,040116,3,1
AREQUIPA,AREQUIPA,AREQUIPA,SACHACA,040117,46,1
AREQUIPA,AREQUIPA,AREQUIPA,SAN JUAN DE SIGUAS,040118,4,1
AREQUIPA,AREQUIPA,AREQUIPA,SAN JUAN DE TARUCANI,040119,62,1
AREQUIPA,AREQUIPA,AREQUIPA,SANTA ISABEL DE SIGUAS,040120,12,1
AREQUIPA,AREQUIPA,AREQUIPA,SANTA RITA DE SIGUAS,040121,95,2
AREQUIPA,AREQUIPA,AREQUIPA,SOCABAYA,040122,160,2
AREQUIPA,AREQUIPA,AREQUIPA,TIABAYA,040123,68,1
AREQUIPA,AREQUIPA,AREQUIPA,UCHUMAYO,040124,35,1
AREQUIPA,AREQUIPA,AREQUIPA,VÍTOR,040125,29,1
AREQUIPA,AREQUIPA,AREQUIPA,YANAHUARA,040126,5,1
AREQUIPA,AREQUIPA,AREQUIPA,YARABAMBA,040127,10,1
AREQUIPA,AREQUIPA,AREQUIPA,YURA,040128,395,2
AREQUIPA,AREQUIPA,CAMANÁ,CAMANÁ,040201,56,2
AREQUIPA,AREQUIPA,CAMANÁ,JOSÉ MARÍA QUIMPER,040202,36,1
AREQUIPA,AREQUIPA,CAMANÁ,MARIANO NICOLÁS VALCÁRCEL,040203,87,1
AREQUIPA,AREQUIPA,CAMANÁ,MARISCAL CÁCERES,040204,127,1
AREQUIPA,AREQUIPA,CAMANÁ,NICOLÁS DE PIÉROLA,040205,62,1
AREQUIPA,AREQUIPA,CAMANÁ,OCOÑA,040206,26,1
AREQUIPA,AREQUIPA,CAMANÁ,QUILCA,040207,4,1
AREQUIPA,AREQUIPA,CAMANÁ,SAMUEL PASTOR,040208,147,2
AREQUIPA,AREQUIPA,CARAVELÍ,ACARÍ,040302,29,2
AREQUIPA,AREQUIPA,CARAVELÍ,ATICO,040303,57,2
AREQUIPA,AREQUIPA,CARAVELÍ,ATIQUIPA,040304,4,0
AREQUIPA,AREQUIPA,CARAVELÍ,BELLA UNIÓN,040305,74,2
AREQUIPA,AREQUIPA,CARAVELÍ,CAHUACHO,040306,37,1
AREQUIPA,AREQUIPA,CARAVELÍ,CARAVELÍ,040301,97,3
AREQUIPA,AREQUIPA,CARAVELÍ,CHALA,040307,83,3
AREQUIPA,AREQUIPA,CARAVELÍ,CHAPARRA,040308,15,1
AREQUIPA,AREQUIPA,CARAVELÍ,HUANUHUANU,040309,37,1
AREQUIPA,AREQUIPA,CARAVELÍ,JAQUI,040310,14,1
AREQUIPA,AREQUIPA,CARAVELÍ,LOMAS,040311,5,1
AREQUIPA,AREQUIPA,CARAVELÍ,QUICACHA,040312,14,1
AREQUIPA,AREQUIPA,CARAVELÍ,YAUCA,040313,22,1
AREQUIPA,AREQUIPA,CASTILLA,ANDAGUA,040402,60,1
AREQUIPA,AREQUIPA,CASTILLA,APLAO,040401,97,1
AREQUIPA,AREQUIPA,CASTILLA,AYO,040403,4,1
AREQUIPA,AREQUIPA,CASTILLA,CHACHAS,040404,94,1
AREQUIPA,AREQUIPA,CASTILLA,CHILCAYMARCA,040405,16,0
AREQUIPA,AREQUIPA,CASTILLA,CHOCO,040406,26,1
AREQUIPA,AREQUIPA,CASTILLA,HUANCARQUI,040407,7,1
AREQUIPA,AREQUIPA,CASTILLA,MACHAGUAY,040408,8,1
AREQUIPA,AREQUIPA,CASTILLA,ORCOPAMPA,040409,78,2
AREQUIPA,AREQUIPA,CASTILLA,PAMPACOLCA,040410,16,1
AREQUIPA,AREQUIPA,CASTILLA,TIPÁN,040411,3,1
AREQUIPA,AREQUIPA,CASTILLA,UÑÓN,040412,4,1
AREQUIPA,AREQUIPA,CASTILLA,URACA,040413,65,1
AREQUIPA,AREQUIPA,CASTILLA,VIRACO,040414,13,1
AREQUIPA,AREQUIPA,CAYLLOMA,ACHOMA,040502,10,1
AREQUIPA,AREQUIPA,CAYLLOMA,CABANACONDE,040503,17,1
AREQUIPA,AREQUIPA,CAYLLOMA,CALLALLI,040504,36,1
AREQUIPA,AREQUIPA,CAYLLOMA,CAYLLOMA,040505,150,2
AREQUIPA,AREQUIPA,CAYLLOMA,CHIVAY,040501,66,3
AREQUIPA,AREQUIPA,CAYLLOMA,COPORAQUE,040506,17,1
AREQUIPA,AREQUIPA,CAYLLOMA,HUAMBO,040507,29,1
AREQUIPA,AREQUIPA,CAYLLOMA,HUANCA,040508,14,1
AREQUIPA,AREQUIPA,CAYLLOMA,ICHUPAMPA,040509,10,1
AREQUIPA,AREQUIPA,CAYLLOMA,LARI,040510,25,1
AREQUIPA,AREQUIPA,CAYLLOMA,LLUTA,040511,21,1
AREQUIPA,AREQUIPA,CAYLLOMA,MACA,040512,6,1
AREQUIPA,AREQUIPA,CAYLLOMA,MADRIGAL,040513,3,1
AREQUIPA,AREQUIPA,CAYLLOMA,MAJES,040520,1145,3
AREQUIPA,AREQUIPA,CAYLLOMA,SAN ANTONIO DE CHUCA,040514,35,1
AREQUIPA,AREQUIPA,CAYLLOMA,SIBAYO,040515,28,0
AREQUIPA,AREQUIPA,CAYLLOMA,TAPAY,040516,23,0
AREQUIPA,AREQUIPA,CAYLLOMA,TISCO,040517,59,1
AREQUIPA,AREQUIPA,CAYLLOMA,TUTI,040518,12,1
AREQUIPA,AREQUIPA,CAYLLOMA,YANQUE,040519,18,1
AREQUIPA,AREQUIPA,CONDESUYOS,ANDARAY,040602,2,1
AREQUIPA,AREQUIPA,CONDESUYOS,CAYARANI,040603,161,2
AREQUIPA,AREQUIPA,CONDESUYOS,CHICHAS,040604,21,1
AREQUIPA,AREQUIPA,CONDESUYOS,CHUQUIBAMBA,040601,70,2
AREQUIPA,AREQUIPA,CONDESUYOS,IRAY,040605,12,1
AREQUIPA,AREQUIPA,CONDESUYOS,RÍO GRANDE,040606,24,1
AREQUIPA,AREQUIPA,CONDESUYOS,SALAMANCA,040607,4,1
AREQUIPA,AREQUIPA,CONDESUYOS,YANAQUIHUA,040608,61,2
AREQUIPA,AREQUIPA,ISLAY,COCACHACRA,040702,89,1
AREQUIPA,AREQUIPA,ISLAY,DEAN VALDIVIA,040703,52,2
AREQUIPA,AREQUIPA,ISLAY,ISLAY,040704,80,2
AREQUIPA,AREQUIPA,ISLAY,MEJÍA,040705,1,1
AREQUIPA,AREQUIPA,ISLAY,MOLLENDO,040701,113,3
AREQUIPA,AREQUIPA,ISLAY,PUNTA DE BOMBÓN,040706,92,3
AREQUIPA,AREQUIPA,LA UNIÓN,ALCA,040802,145,1
AREQUIPA,AREQUIPA,LA UNIÓN,CHARCANA,040803,55,1
AREQUIPA,AREQUIPA,LA UNIÓN,COTAHUASI,040801,55,2
AREQUIPA,AREQUIPA,LA UNIÓN,HUAYNACOTAS,040804,121,1
AREQUIPA,AREQUIPA,LA UNIÓN,PAMPAMARCA,040805,68,1
AREQUIPA,AREQUIPA,LA UNIÓN,PUYCA,040806,186,1
AREQUIPA,AREQUIPA,LA UNIÓN,QUECHUALLA,040807,13,0
AREQUIPA,AREQUIPA,LA UNIÓN,SAYLA,040808,21,1
AREQUIPA,AREQUIPA,LA UNIÓN,TAURÍA,040809,23,1
AREQUIPA,AREQUIPA,LA UNIÓN,TOMEPAMPA,040810,18,1
AREQUIPA,AREQUIPA,LA UNIÓN,TORO,040811,22,1
AYACUCHO,AYACUCHO,CANGALLO,CANGALLO,050201,425,5
AYACUCHO,AYACUCHO,CANGALLO,CHUSCHI,050202,632,3
AYACUCHO,AYACUCHO,CANGALLO,LOS MOROCHUCOS,050203,743,3
AYACUCHO,AYACUCHO,CANGALLO,MARÍA PARADO DE BELLIDO,050204,236,1
AYACUCHO,AYACUCHO,CANGALLO,PARAS,050205,373,2
AYACUCHO,AYACUCHO,CANGALLO,TOTOS,050206,252,1
AYACUCHO,AYACUCHO,HUAMANGA,ACOCRO,050102,662,2
AYACUCHO,AYACUCHO,HUAMANGA,ACOS VINCHOS,050103,449,1
AYACUCHO,AYACUCHO,HUAMANGA,ANDRÉS AVELINO CÁCERES DORREGARAY,050116,309,2
AYACUCHO,AYACUCHO,HUAMANGA,AYACUCHO,050101,1069,8
AYACUCHO,AYACUCHO,HUAMANGA,CARMEN ALTO,050104,538,3
AYACUCHO,AYACUCHO,HUAMANGA,CHIARA,050105,502,3
AYACUCHO,AYACUCHO,HUAMANGA,JESÚS NAZARENO,050115,382,2
AYACUCHO,AYACUCHO,HUAMANGA,OCROS,050106,489,3
AYACUCHO,AYACUCHO,HUAMANGA,PACAYCASA,050107,210,1
AYACUCHO,AYACUCHO,HUAMANGA,QUINUA,050108,327,2
AYACUCHO,AYACUCHO,HUAMANGA,SAN JOSÉ DE TICLLAS,050109,121,0
AYACUCHO,AYACUCHO,HUAMANGA,SAN JUAN BAUTISTA,050110,611,3
AYACUCHO,AYACUCHO,HUAMANGA,SANTIAGO DE PISCHA,050111,37,1
AYACUCHO,AYACUCHO,HUAMANGA,SOCOS,050112,434,1
AYACUCHO,AYACUCHO,HUAMANGA,TAMBILLO,050113,453,1
AYACUCHO,AYACUCHO,HUAMANGA,VINCHOS,050114,1245,2
AYACUCHO,AYACUCHO,HUANCA SANCOS,CARAPO,050302,114,1
AYACUCHO,AYACUCHO,HUANCA SANCOS,SACSAMARCA,050303,77,1
AYACUCHO,AYACUCHO,HUANCA SANCOS,SANCOS,050301,153,3
AYACUCHO,AYACUCHO,HUANCA SANCOS,SANTIAGO DE LUCANAMARCA,050304,166,2
AYACUCHO,AYACUCHO,HUANTA,AYAHUANCO,050402,143,1
AYACUCHO,AYACUCHO,HUANTA,CANAYRE,050409,226,4
AYACUCHO,AYACUCHO,HUANTA,CHACA,050412,292,1
AYACUCHO,AYACUCHO,HUANTA,HUAMANGUILLA,050403,310,2
AYACUCHO,AYACUCHO,HUANTA,HUANTA,050401,1710,8
AYACUCHO,AYACUCHO,HUANTA,IGUAÍN,050404,276,0
AYACUCHO,AYACUCHO,HUANTA,LLOCHEGUA,050408,574,8
AYACUCHO,AYACUCHO,HUANTA,LURICOCHA,050405,446,2
AYACUCHO,AYACUCHO,HUANTA,PUCACOLPA,050411,288,1
AYACUCHO,AYACUCHO,HUANTA,PUTIS,050413,24,0
AYACUCHO,AYACUCHO,HUANTA,SANTILLANA,050406,385,2
AYACUCHO,AYACUCHO,HUANTA,SIVIA,050407,596,7
AYACUCHO,AYACUCHO,HUANTA,UCHURACCAY,050410,357,1
AYACUCHO,AYACUCHO,LA MAR,ANCHIHUAY,050510,411,2
AYACUCHO,AYACUCHO,LA MAR,ANCO,050502,479,3
AYACUCHO,AYACUCHO,LA MAR,AYNA,050503,449,3
AYACUCHO,AYACUCHO,LA MAR,CHILCAS,050504,149,1
AYACUCHO,AYACUCHO,LA MAR,CHUNGUI,050505,470,2
AYACUCHO,AYACUCHO,LA MAR,LUIS CARRANZA,050506,152,1
AYACUCHO,AYACUCHO,LA MAR,NINABAMBA,050514,144,2
AYACUCHO,AYACUCHO,LA MAR,ORONCCOY,050511,148,1
AYACUCHO,AYACUCHO,LA MAR,PATIBAMBA,050515,109,2
AYACUCHO,AYACUCHO,LA MAR,RIO MAGDALENA,050513,158,2
AYACUCHO,AYACUCHO,LA MAR,SAMUGARI,050509,550,3
AYACUCHO,AYACUCHO,LA MAR,SAN MIGUEL,050501,593,3
AYACUCHO,AYACUCHO,LA MAR,SANTA ROSA,050507,560,3
AYACUCHO,AYACUCHO,LA MAR,TAMBO,050508,812,5
AYACUCHO,AYACUCHO,LA MAR,UNION PROGRESO,050512,145,3
AYACUCHO,AYACUCHO,LUCANAS,AUCARÁ,050602,103,3
AYACUCHO,AYACUCHO,LUCANAS,CABANA,050603,45,4
AYACUCHO,AYACUCHO,LUCANAS,CARMEN SALCEDO,050604,57,3
AYACUCHO,AYACUCHO,LUCANAS,CHAVIÑA,050605,119,1
AYACUCHO,AYACUCHO,LUCANAS,CHIPAO,050606,158,2
AYACUCHO,AYACUCHO,LUCANAS,HUAC-HUAS,050607,63,1
AYACUCHO,AYACUCHO,LUCANAS,LARAMATE,050608,85,1
AYACUCHO,AYACUCHO,LUCANAS,LEONCIO PRADO,050609,24,0
AYACUCHO,AYACUCHO,LUCANAS,LLAUTA,050610,36,1
AYACUCHO,AYACUCHO,LUCANAS,LUCANAS,050611,161,2
AYACUCHO,AYACUCHO,LUCANAS,OCAÑA,050612,134,2
AYACUCHO,AYACUCHO,LUCANAS,OTOCA,050613,97,1
AYACUCHO,AYACUCHO,LUCANAS,PUQUIO,050601,561,4
AYACUCHO,AYACUCHO,LUCANAS,SAISA,050614,7,1
AYACUCHO,AYACUCHO,LUCANAS,SAN CRISTÓBAL,050615,119,1
AYACUCHO,AYACUCHO,LUCANAS,SAN JUAN,050616,27,0
AYACUCHO,AYACUCHO,LUCANAS,SAN PEDRO,050617,242,2
AYACUCHO,AYACUCHO,LUCANAS,SAN PEDRO DE PALCO,050618,50,1
AYACUCHO,AYACUCHO,LUCANAS,SANCOS,050619,181,4
AYACUCHO,AYACUCHO,LUCANAS,SANTA ANA DE HUAYCAHUACHO,050620,30,1
AYACUCHO,AYACUCHO,LUCANAS,SANTA LUCÍA,050621,33,0
AYACUCHO,AYACUCHO,PARINACOCHAS,CHUMPI,050702,101,1
AYACUCHO,AYACUCHO,PARINACOCHAS,CORACORA,050701,551,4
AYACUCHO,AYACUCHO,PARINACOCHAS,CORONEL CASTAÑEDA,050703,38,1
AYACUCHO,AYACUCHO,PARINACOCHAS,PACAPAUSA,050704,46,1
AYACUCHO,AYACUCHO,PARINACOCHAS,PULLO,050705,215,4
AYACUCHO,AYACUCHO,PARINACOCHAS,PUYUSCA,050706,83,3
AYACUCHO,AYACUCHO,PARINACOCHAS,SAN FRANCISCO DE RAVACAYCO,050707,18,1
AYACUCHO,AYACUCHO,PARINACOCHAS,UPAHUACHO,050708,97,1
AYACUCHO,AYACUCHO,PÁUCAR DEL SARA SARA,COLTA,050802,30,1
AYACUCHO,AYACUCHO,PÁUCAR DEL SARA SARA,CORCULLA,050803,38,1
AYACUCHO,AYACUCHO,PÁUCAR DEL SARA SARA,LAMPA,050804,130,1
AYACUCHO,AYACUCHO,PÁUCAR DEL SARA SARA,MARCABAMBA,050805,20,3
AYACUCHO,AYACUCHO,PÁUCAR DEL SARA SARA,OYOLO,050806,90,1
AYACUCHO,AYACUCHO,PÁUCAR DEL SARA SARA,PARARCA,050807,21,1
AYACUCHO,AYACUCHO,PÁUCAR DEL SARA SARA,PAUSA,050801,114,2
AYACUCHO,AYACUCHO,PÁUCAR DEL SARA SARA,SAN JAVIER DE ALPABAMBA,050808,11,1
AYACUCHO,AYACUCHO,PÁUCAR DEL SARA SARA,SAN JOSÉ DE USHUA,050809,13,1
AYACUCHO,AYACUCHO,PÁUCAR DEL SARA SARA,SARA SARA,050810,16,1
AYACUCHO,AYACUCHO,SUCRE,BELÉN,050902,12,1
AYACUCHO,AYACUCHO,SUCRE,CHALCOS,050903,38,1
AYACUCHO,AYACUCHO,SUCRE,CHILCAYOC,050904,35,1
AYACUCHO,AYACUCHO,SUCRE,HUACAÑA,050905,10,1
AYACUCHO,AYACUCHO,SUCRE,MORCOLLA,050906,70,1
AYACUCHO,AYACUCHO,SUCRE,PAICO,050907,43,1
AYACUCHO,AYACUCHO,SUCRE,QUEROBAMBA,050901,135,3
AYACUCHO,AYACUCHO,SUCRE,SAN PEDRO DE LARCAY,050908,66,1
AYACUCHO,AYACUCHO,SUCRE,SAN SALVADOR DE QUIJE,050909,91,1
AYACUCHO,AYACUCHO,SUCRE,SANTIAGO DE PAUCARAY,050910,47,1
AYACUCHO,AYACUCHO,SUCRE,SORAS,050911,66,1
AYACUCHO,AYACUCHO,VÍCTOR FAJARDO,ALCAMENCA,051002,101,1
AYACUCHO,AYACUCHO,VÍCTOR FAJARDO,APONGO,051003,25,1
AYACUCHO,AYACUCHO,VÍCTOR FAJARDO,ASQUIPATA,051004,13,1
AYACUCHO,AYACUCHO,VÍCTOR FAJARDO,CANARIA,051005,119,2
AYACUCHO,AYACUCHO,VÍCTOR FAJARDO,CAYARA,051006,39,1
AYACUCHO,AYACUCHO,VÍCTOR FAJARDO,COLCA,051007,75,1
AYACUCHO,AYACUCHO,VÍCTOR FAJARDO,HUAMANQUIQUIA,051008,84,1
AYACUCHO,AYACUCHO,VÍCTOR FAJARDO,HUANCAPI,051001,73,3
AYACUCHO,AYACUCHO,VÍCTOR FAJARDO,HUANCARAYLLA,051009,98,2
AYACUCHO,AYACUCHO,VÍCTOR FAJARDO,HUAYA,051010,128,1
AYACUCHO,AYACUCHO,VÍCTOR FAJARDO,SARHUA,051011,255,2
AYACUCHO,AYACUCHO,VÍCTOR FAJARDO,VILCANCHOS,051012,220,1
AYACUCHO,AYACUCHO,VILCAS HUAMÁN,ACCOMARCA,051102,87,1
AYACUCHO,AYACUCHO,VILCAS HUAMÁN,CARHUANCA,051103,53,2
AYACUCHO,AYACUCHO,VILCAS HUAMÁN,CONCEPCIÓN,051104,230,1
AYACUCHO,AYACUCHO,VILCAS HUAMÁN,HUAMBALPA,051105,147,1
AYACUCHO,AYACUCHO,VILCAS HUAMÁN,INDEPENDENCIA,051106,70,1
AYACUCHO,AYACUCHO,VILCAS HUAMÁN,SAURAMA,051107,81,1
AYACUCHO,AYACUCHO,VILCAS HUAMÁN,VILCAS HUAMÁN,051101,491,4
AYACUCHO,AYACUCHO,VILCAS HUAMÁN,VISCHONGO,051108,280,1
CAJAMARCA,CAJAMARCA,CAJABAMBA,CACHACHI,060202,1662,4
CAJAMARCA,CAJAMARCA,CAJABAMBA,CAJABAMBA,060201,1735,4
CAJAMARCA,CAJAMARCA,CAJABAMBA,CONDEBAMBA,060203,1086,2
CAJAMARCA,CAJAMARCA,CAJABAMBA,SITACOCHA,060204,608,3
CAJAMARCA,CAJAMARCA,CAJAMARCA,ASUNCIÓN,060102,672,3
CAJAMARCA,CAJAMARCA,CAJAMARCA,CAJAMARCA,060101,2604,19
CAJAMARCA,CAJAMARCA,CAJAMARCA,CHETILLA,060103,312,1
CAJAMARCA,CAJAMARCA,CAJAMARCA,COSPÁN,060104,630,3
CAJAMARCA,CAJAMARCA,CAJAMARCA,ENCAÑADA,060105,1852,4
CAJAMARCA,CAJAMARCA,CAJAMARCA,JESÚS,060106,1094,3
CAJAMARCA,CAJAMARCA,CAJAMARCA,LLACANORA,060107,443,1
CAJAMARCA,CAJAMARCA,CAJAMARCA,LOS BAÑOS DEL INCA,060108,2208,8
CAJAMARCA,CAJAMARCA,CAJAMARCA,MAGDALENA,060109,707,4
CAJAMARCA,CAJAMARCA,CAJAMARCA,MATARA,060110,344,1
CAJAMARCA,CAJAMARCA,CAJAMARCA,NAMORA,060111,927,2
CAJAMARCA,CAJAMARCA,CAJAMARCA,SAN JUAN,060112,423,1
CAJAMARCA,CAJAMARCA,CELENDÍN,CELENDÍN,060301,1552,4
CAJAMARCA,CAJAMARCA,CELENDÍN,CHUMUCH,060302,279,2
CAJAMARCA,CAJAMARCA,CELENDÍN,CORTEGANA,060303,866,3
CAJAMARCA,CAJAMARCA,CELENDÍN,HUASMIN,060304,1227,2
CAJAMARCA,CAJAMARCA,CELENDÍN,JORGE CHÁVEZ,060305,33,1
CAJAMARCA,CAJAMARCA,CELENDÍN,JOSÉ GÁLVEZ,060306,218,1
CAJAMARCA,CAJAMARCA,CELENDÍN,LA LIBERTAD DE PALLÁN,060312,768,5
CAJAMARCA,CAJAMARCA,CELENDÍN,MIGUEL IGLESIAS,060307,456,2
CAJAMARCA,CAJAMARCA,CELENDÍN,OXAMARCA,060308,750,2
CAJAMARCA,CAJAMARCA,CELENDÍN,SOROCHUCO,060309,801,1
CAJAMARCA,CAJAMARCA,CELENDÍN,SUCRE,060310,354,1
CAJAMARCA,CAJAMARCA,CELENDÍN,UTCO,060311,108,1
CAJAMARCA,CAJAMARCA,CHOTA,ANGUÍA,060402,370,1
CAJAMARCA,CAJAMARCA,CHOTA,CHADÍN,060403,516,2
CAJAMARCA,CAJAMARCA,CHOTA,CHALAMARCA,060419,1154,2
CAJAMARCA,CAJAMARCA,CHOTA,CHIGUIRIP,060404,414,1
CAJAMARCA,CAJAMARCA,CHOTA,CHIMBAN,060405,249,1
CAJAMARCA,CAJAMARCA,CHOTA,CHOROPAMPA,060406,246,1
CAJAMARCA,CAJAMARCA,CHOTA,CHOTA,060401,3063,9
CAJAMARCA,CAJAMARCA,CHOTA,COCHABAMBA,060407,576,1
CAJAMARCA,CAJAMARCA,CHOTA,CONCHÁN,060408,545,3
CAJAMARCA,CAJAMARCA,CHOTA,HUAMBOS,060409,823,4
CAJAMARCA,CAJAMARCA,CHOTA,LAJAS,060410,1184,2
CAJAMARCA,CAJAMARCA,CHOTA,LLAMA,060411,707,3
CAJAMARCA,CAJAMARCA,CHOTA,MIRACOSTA,060412,386,1
CAJAMARCA,CAJAMARCA,CHOTA,PACCHA,060413,460,3
CAJAMARCA,CAJAMARCA,CHOTA,PIÓN,060414,139,1
CAJAMARCA,CAJAMARCA,CHOTA,QUEROCOTO,060415,833,3
CAJAMARCA,CAJAMARCA,CHOTA,SAN JUAN DE LICUPIS,060416,85,1
CAJAMARCA,CAJAMARCA,CHOTA,TACABAMBA,060417,1436,3
CAJAMARCA,CAJAMARCA,CHOTA,TOCMOCHE,060418,89,1
CAJAMARCA,CAJAMARCA,CONTUMAZÁ,CHILETE,060502,162,2
CAJAMARCA,CAJAMARCA,CONTUMAZÁ,CONTUMAZÁ,060501,503,2
CAJAMARCA,CAJAMARCA,CONTUMAZÁ,CUPISNIQUE,060503,127,1
CAJAMARCA,CAJAMARCA,CONTUMAZÁ,GUZMANGO,060504,209,1
CAJAMARCA,CAJAMARCA,CONTUMAZÁ,SAN BENITO,060505,317,1
CAJAMARCA,CAJAMARCA,CONTUMAZÁ,SANTA CRUZ DE TOLED,060506,79,1
CAJAMARCA,CAJAMARCA,CONTUMAZÁ,TANTARICA,060507,193,1
CAJAMARCA,CAJAMARCA,CONTUMAZÁ,YONÁN,060508,420,2
CAJAMARCA,CAJAMARCA,CUTERVO,CALLAYUC,060602,1172,2
CAJAMARCA,CAJAMARCA,CUTERVO,CHOROS,060603,303,1
CAJAMARCA,CAJAMARCA,CUTERVO,CUJILLO,060604,364,3
CAJAMARCA,CAJAMARCA,CUTERVO,CUTERVO,060601,5351,5
CAJAMARCA,CAJAMARCA,CUTERVO,LA RAMADA,060605,369,3
CAJAMARCA,CAJAMARCA,CUTERVO,PIMPINGOS,060606,589,2
CAJAMARCA,CAJAMARCA,CUTERVO,QUEROCOTILLO,060607,1631,2
CAJAMARCA,CAJAMARCA,CUTERVO,SAN ANDRÉS DE CUTERVO,060608,542,3
CAJAMARCA,CAJAMARCA,CUTERVO,SAN JUAN DE CUTERVO,060609,261,2
CAJAMARCA,CAJAMARCA,CUTERVO,SAN LUIS DE LUCMA,060610,289,1
CAJAMARCA,CAJAMARCA,CUTERVO,SANTA CRUZ,060611,334,1
CAJAMARCA,CAJAMARCA,CUTERVO,SANTO DOMINGO DE LA CAPILLA,060612,483,1
CAJAMARCA,CAJAMARCA,CUTERVO,SANTO TOMÁS,060613,868,2
CAJAMARCA,CAJAMARCA,CUTERVO,SOCOTA,060614,945,3
CAJAMARCA,CAJAMARCA,CUTERVO,TORIBIO CASANOVA,060615,126,1
CAJAMARCA,CAJAMARCA,HUALGAYOC,BAMBAMARCA,060701,5404,15
CAJAMARCA,CAJAMARCA,HUALGAYOC,CHUGUR,060702,250,1
CAJAMARCA,CAJAMARCA,HUALGAYOC,HUALGAYOC,060703,1059,2
CAJAMARCA,CAJAMARCA,JAÉN,BELLAVISTA,060802,1645,2
CAJAMARCA,CAJAMARCA,JAÉN,CHONTALÍ,060803,1198,2
CAJAMARCA,CAJAMARCA,JAÉN,COLASAY,060804,1112,1
CAJAMARCA,CAJAMARCA,JAÉN,HUABAL,060805,1109,1
CAJAMARCA,CAJAMARCA,JAÉN,JAÉN,060801,1530,8
CAJAMARCA,CAJAMARCA,JAÉN,LAS PIRIAS,060806,497,2
CAJAMARCA,CAJAMARCA,JAÉN,POMAHUACA,060807,886,1
CAJAMARCA,CAJAMARCA,JAÉN,PUCARÁ,060808,531,4
CAJAMARCA,CAJAMARCA,JAÉN,SALLIQUE,060809,846,2
CAJAMARCA,CAJAMARCA,JAÉN,SAN FELIPE,060810,448,1
CAJAMARCA,CAJAMARCA,JAÉN,SAN JOSÉ DEL ALTO,060811,882,3
CAJAMARCA,CAJAMARCA,JAÉN,SANTA ROSA,060812,1248,7
CAJAMARCA,CAJAMARCA,SAN IGNACIO,CHIRINOS,060902,1751,3
CAJAMARCA,CAJAMARCA,SAN IGNACIO,HUARANGO,060903,2316,9
CAJAMARCA,CAJAMARCA,SAN IGNACIO,LA COIPA,060904,2195,5
CAJAMARCA,CAJAMARCA,SAN IGNACIO,NAMBALLE,060905,1232,1
CAJAMARCA,CAJAMARCA,SAN IGNACIO,SAN IGNACIO,060901,2961,3
CAJAMARCA,CAJAMARCA,SAN IGNACIO,SAN JOSÉ DE LOURDES,060906,1999,2
CAJAMARCA,CAJAMARCA,SAN IGNACIO,TABACONAS,060907,2587,6
CAJAMARCA,CAJAMARCA,SAN MARCOS,CHANCAY,061002,320,2
CAJAMARCA,CAJAMARCA,SAN MARCOS,EDUARDO VILLANUEVA,061003,185,2
CAJAMARCA,CAJAMARCA,SAN MARCOS,GREGORIO PITA,061004,524,1
CAJAMARCA,CAJAMARCA,SAN MARCOS,ICHOCÁN,061005,105,1
CAJAMARCA,CAJAMARCA,SAN MARCOS,JOSÉ MANUEL QUIROZ,061006,368,1
CAJAMARCA,CAJAMARCA,SAN MARCOS,JOSÉ SABOGAL,061007,1307,1
CAJAMARCA,CAJAMARCA,SAN MARCOS,PEDRO GÁLVEZ,061001,1419,4
CAJAMARCA,CAJAMARCA,SAN MIGUEL,BOLÍVAR,061102,110,1
CAJAMARCA,CAJAMARCA,SAN MIGUEL,CALQUIS,061103,403,0
CAJAMARCA,CAJAMARCA,SAN MIGUEL,CATILLUC,061104,260,2
CAJAMARCA,CAJAMARCA,SAN MIGUEL,EL PRADO,061105,147,1
CAJAMARCA,CAJAMARCA,SAN MIGUEL,LA FLORIDA,061106,182,1
CAJAMARCA,CAJAMARCA,SAN MIGUEL,LLAPA,061107,379,1
CAJAMARCA,CAJAMARCA,SAN MIGUEL,NANCHOC,061108,128,1
CAJAMARCA,CAJAMARCA,SAN MIGUEL,NIEPOS,061109,286,1
CAJAMARCA,CAJAMARCA,SAN MIGUEL,SAN GREGORIO,061110,207,0
CAJAMARCA,CAJAMARCA,SAN MIGUEL,SAN MIGUEL,061101,1164,4
CAJAMARCA,CAJAMARCA,SAN MIGUEL,SAN SILVESTRE DE COCHÁN,061111,316,1
CAJAMARCA,CAJAMARCA,SAN MIGUEL,TONGOD,061112,241,2
CAJAMARCA,CAJAMARCA,SAN MIGUEL,UNIÓN AGUA BLANCA,061113,286,1
CAJAMARCA,CAJAMARCA,SAN PABLO,SAN BERNARDINO,061202,465,1
CAJAMARCA,CAJAMARCA,SAN PABLO,SAN LUIS,061203,114,1
CAJAMARCA,CAJAMARCA,SAN PABLO,SAN PABLO,061201,990,2
CAJAMARCA,CAJAMARCA,SAN PABLO,TUMBADÉN,061204,355,1
CAJAMARCA,CAJAMARCA,SANTA CRUZ,ANDABAMBA,061302,116,1
CAJAMARCA,CAJAMARCA,SANTA CRUZ,CATACHE,061303,793,3
CAJAMARCA,CAJAMARCA,SANTA CRUZ,CHANCAYBAÑOS,061304,295,1
CAJAMARCA,CAJAMARCA,SANTA CRUZ,LA ESPERANZA,061305,202,1
CAJAMARCA,CAJAMARCA,SANTA CRUZ,NINABAMBA,061306,165,1
CAJAMARCA,CAJAMARCA,SANTA CRUZ,PULÁN,061307,352,1
CAJAMARCA,CAJAMARCA,SANTA CRUZ,SANTA CRUZ,061301,608,2
CAJAMARCA,CAJAMARCA,SANTA CRUZ,SAUCEPAMPA,061308,124,1
CAJAMARCA,CAJAMARCA,SANTA CRUZ,SEXI,061309,13,1
CAJAMARCA,CAJAMARCA,SANTA CRUZ,UTICYACU,061310,115,1
CAJAMARCA,CAJAMARCA,SANTA CRUZ,YAUYUCÁN,061311,262,1
CUSCO,CUSCO,ACOMAYO,ACOMAYO,080201,319,3
CUSCO,CUSCO,ACOMAYO,ACOPÍA,080202,184,1
CUSCO,CUSCO,ACOMAYO,ACOS,080203,176,2
CUSCO,CUSCO,ACOMAYO,MOSOC LLACTA,080204,60,1
CUSCO,CUSCO,ACOMAYO,POMACANCHI,080205,603,6
CUSCO,CUSCO,ACOMAYO,RONDOCAN,080206,152,1
CUSCO,CUSCO,ACOMAYO,SANGARARÁ,080207,242,2
CUSCO,CUSCO,ANTA,ANCAHUASI,080302,322,1
CUSCO,CUSCO,ANTA,ANTA,080301,570,4
CUSCO,CUSCO,ANTA,CACHIMAYO,080303,20,2
CUSCO,CUSCO,ANTA,CHINCHAYPUJIO,080304,275,1
CUSCO,CUSCO,ANTA,HUAROCONDO,080305,297,1
CUSCO,CUSCO,ANTA,LIMATAMBO,080306,378,2
CUSCO,CUSCO,ANTA,MOLLEPATA,080307,123,2
CUSCO,CUSCO,ANTA,PUCYURA,080308,136,1
CUSCO,CUSCO,ANTA,ZURITE,080309,106,1
CUSCO,CUSCO,CALCA,CALCA,080401,647,4
CUSCO,CUSCO,CALCA,COYA,080402,151,2
CUSCO,CUSCO,CALCA,LAMAY,080403,315,2
CUSCO,CUSCO,CALCA,LARES,080404,602,1
CUSCO,CUSCO,CALCA,PÍSAC,080405,468,2
CUSCO,CUSCO,CALCA,SAN SALVADOR,080406,266,1
CUSCO,CUSCO,CALCA,TARAY,080407,83,1
CUSCO,CUSCO,CALCA,YANATILE,080408,233,3
CUSCO,CUSCO,CANAS,CHECCA,080502,411,1
CUSCO,CUSCO,CANAS,KUNTURKANKI,080503,359,2
CUSCO,CUSCO,CANAS,LANGUI,080504,95,1
CUSCO,CUSCO,CANAS,LAYO,080505,288,1
CUSCO,CUSCO,CANAS,PAMPAMARCA,080506,72,1
CUSCO,CUSCO,CANAS,QUEHUE,080507,187,2
CUSCO,CUSCO,CANAS,TÚPAC AMARU,080508,191,1
CUSCO,CUSCO,CANAS,YANAOCA,080501,638,2
CUSCO,CUSCO,CANCHIS,CHECACUPE,080602,233,2
CUSCO,CUSCO,CANCHIS,COMBAPATA,080603,187,3
CUSCO,CUSCO,CANCHIS,MARANGANI,080604,372,2
CUSCO,CUSCO,CANCHIS,PITUMARCA,080605,624,1
CUSCO,CUSCO,CANCHIS,SAN PABLO,080606,205,1
CUSCO,CUSCO,CANCHIS,SAN PEDRO,080607,88,1
CUSCO,CUSCO,CANCHIS,SICUANI,080601,1925,8
CUSCO,CUSCO,CANCHIS,TINTA,080608,169,1
CUSCO,CUSCO,CHUMBIVILCAS,CAPACMARCA,080702,439,2
CUSCO,CUSCO,CHUMBIVILCAS,CHAMACA,080703,414,1
CUSCO,CUSCO,CHUMBIVILCAS,COLQUEMARCA,080704,574,2
CUSCO,CUSCO,CHUMBIVILCAS,LIVITACA,080705,1158,2
CUSCO,CUSCO,CHUMBIVILCAS,LLUSCO,080706,411,1
CUSCO,CUSCO,CHUMBIVILCAS,QUIÑOTA,080707,378,2
CUSCO,CUSCO,CHUMBIVILCAS,SANTO TOMÁS,080701,1032,4
CUSCO,CUSCO,CHUMBIVILCAS,VELILLE,080708,407,1
CUSCO,CUSCO,CUSCO,CCORCA,080102,190,0
CUSCO,CUSCO,CUSCO,CUSCO,080101,273,2
CUSCO,CUSCO,CUSCO,POROY,080103,167,1
CUSCO,CUSCO,CUSCO,SAN JERÓNIMO,080104,400,2
CUSCO,CUSCO,CUSCO,SAN SEBASTIÁN,080105,658,4
CUSCO,CUSCO,CUSCO,SANTIAGO,080106,580,2
CUSCO,CUSCO,CUSCO,SAYLLA,080107,57,1
CUSCO,CUSCO,CUSCO,WANCHAQ,080108,22,2
CUSCO,CUSCO,ESPINAR,ALTO PICHIGUA,080808,42,0
CUSCO,CUSCO,ESPINAR,CONDOROMA,080802,39,1
CUSCO,CUSCO,ESPINAR,COPORAQUE,080803,405,1
CUSCO,CUSCO,ESPINAR,ESPINAR,080801,1271,5
CUSCO,CUSCO,ESPINAR,OCORURO,080804,30,1
CUSCO,CUSCO,ESPINAR,PALLPATA,080805,444,2
CUSCO,CUSCO,ESPINAR,PICHIGUA,080806,209,1
CUSCO,CUSCO,ESPINAR,SUYCKUTAMBO,080807,63,1
CUSCO,CUSCO,LA CONVENCIÓN,CIELO PUNCO,080916,103,1
CUSCO,CUSCO,LA CONVENCIÓN,ECHARATE,080902,534,7
CUSCO,CUSCO,LA CONVENCIÓN,HUAYOPATA,080903,68,2
CUSCO,CUSCO,LA CONVENCIÓN,INKAWASI,080911,408,2
CUSCO,CUSCO,LA CONVENCIÓN,KIMBIRI,080907,540,5
CUSCO,CUSCO,LA CONVENCIÓN,KUMPIRUSHIATO,080915,278,2
CUSCO,CUSCO,LA CONVENCIÓN,MANITEA,080917,110,1
CUSCO,CUSCO,LA CONVENCIÓN,MARANURA,080904,126,1
CUSCO,CUSCO,LA CONVENCIÓN,MEGANTONI,080914,276,3
CUSCO,CUSCO,LA CONVENCIÓN,OCOBAMBA,080905,203,2
CUSCO,CUSCO,LA CONVENCIÓN,PICHARI,080910,881,6
CUSCO,CUSCO,LA CONVENCIÓN,QUELLOÚNO,080906,249,1
CUSCO,CUSCO,LA CONVENCIÓN,SANTA ANA,080901,155,2
CUSCO,CUSCO,LA CONVENCIÓN,SANTA TERESA,080908,224,2
CUSCO,CUSCO,LA CONVENCIÓN,UNION ASHANINKA,080918,183,1
CUSCO,CUSCO,LA CONVENCIÓN,VILCABAMBA,080909,480,4
CUSCO,CUSCO,LA CONVENCIÓN,VILLA KINTIARINA,080913,168,2
CUSCO,CUSCO,LA CONVENCIÓN,VILLA VIRGEN,080912,117,3
CUSCO,CUSCO,PARURO,ACCHA,081002,232,2
CUSCO,CUSCO,PARURO,CCAPI,081003,250,2
CUSCO,CUSCO,PARURO,COLCHA,081004,49,1
CUSCO,CUSCO,PARURO,HUANOQUITE,081005,414,3
CUSCO,CUSCO,PARURO,OMACHA,081006,561,1
CUSCO,CUSCO,PARURO,PACCARITAMBO,081007,103,1
CUSCO,CUSCO,PARURO,PARURO,081001,164,4
CUSCO,CUSCO,PARURO,PILLPINTO,081008,20,1
CUSCO,CUSCO,PARURO,YAURISQUE,081009,200,1
CUSCO,CUSCO,PAUCARTAMBO,CAICAY,081102,242,1
CUSCO,CUSCO,PAUCARTAMBO,CHALLABAMBA,081103,699,2
CUSCO,CUSCO,PAUCARTAMBO,COLQUEPATA,081104,636,2
CUSCO,CUSCO,PAUCARTAMBO,HUANCARANI,081105,483,2
CUSCO,CUSCO,PAUCARTAMBO,KOSÑIPATA,081106,263,2
CUSCO,CUSCO,PAUCARTAMBO,PAUCARTAMBO,081101,935,4
CUSCO,CUSCO,QUISPICANCHI,ANDAHUAYLILLAS,081202,249,1
CUSCO,CUSCO,QUISPICANCHI,CAMANTI,081203,32,1
CUSCO,CUSCO,QUISPICANCHI,CCARHUAYO,081204,197,1
CUSCO,CUSCO,QUISPICANCHI,CCATCA,081205,1207,3
CUSCO,CUSCO,QUISPICANCHI,CUSIPATA,081206,308,2
CUSCO,CUSCO,QUISPICANCHI,HUARO,081207,212,1
CUSCO,CUSCO,QUISPICANCHI,LUCRE,081208,158,2
CUSCO,CUSCO,QUISPICANCHI,MARCAPATA,081209,319,2
CUSCO,CUSCO,QUISPICANCHI,OCONGATE,081210,1375,3
CUSCO,CUSCO,QUISPICANCHI,OROPESA,081211,131,2
CUSCO,CUSCO,QUISPICANCHI,QUIQUIJANA,081212,813,3
CUSCO,CUSCO,QUISPICANCHI,URCOS,081201,419,3
CUSCO,CUSCO,URUBAMBA,CHINCHERO,081302,265,1
CUSCO,CUSCO,URUBAMBA,HUAYLLABAMBA,081303,56,1
CUSCO,CUSCO,URUBAMBA,MACHUPICCHU,081304,41,2
CUSCO,CUSCO,URUBAMBA,MARAS,081305,151,2
CUSCO,CUSCO,URUBAMBA,OLLANTAYTAMBO,081306,403,2
CUSCO,CUSCO,URUBAMBA,URUBAMBA,081301,255,4
CUSCO,CUSCO,URUBAMBA,YUCAY,081307,44,1
HUANCAVELICA,HUANCAVELICA,ACOBAMBA,ACOBAMBA,090201,584,4
HUANCAVELICA,HUANCAVELICA,ACOBAMBA,ANDABAMBA,090202,305,3
HUANCAVELICA,HUANCAVELICA,ACOBAMBA,ANTA,090203,437,1
HUANCAVELICA,HUANCAVELICA,ACOBAMBA,CAJA,090204,144,1
HUANCAVELICA,HUANCAVELICA,ACOBAMBA,MARCAS,090205,139,1
HUANCAVELICA,HUANCAVELICA,ACOBAMBA,PAUCARA,090206,986,5
HUANCAVELICA,HUANCAVELICA,ACOBAMBA,POMACOCHA,090207,192,1
HUANCAVELICA,HUANCAVELICA,ACOBAMBA,ROSARIO,090208,475,1
HUANCAVELICA,HUANCAVELICA,ANGARAES,ANCHONGA,090302,707,1
HUANCAVELICA,HUANCAVELICA,ANGARAES,CALLANMARCA,090303,52,0
HUANCAVELICA,HUANCAVELICA,ANGARAES,CCOCHACCASA,090304,64,1
HUANCAVELICA,HUANCAVELICA,ANGARAES,CHINCHO,090305,98,0
HUANCAVELICA,HUANCAVELICA,ANGARAES,CONGALLA,090306,319,1
HUANCAVELICA,HUANCAVELICA,ANGARAES,HUANCA-HUANCA,090307,125,1
HUANCAVELICA,HUANCAVELICA,ANGARAES,HUAYLLAY GRANDE,090308,91,0
HUANCAVELICA,HUANCAVELICA,ANGARAES,JULCAMARCA,090309,71,0
HUANCAVELICA,HUANCAVELICA,ANGARAES,LIRCAY,090301,1604,6
HUANCAVELICA,HUANCAVELICA,ANGARAES,SAN ANTONIO DE ANTAPARCO,090310,69,1
HUANCAVELICA,HUANCAVELICA,ANGARAES,SANTO TOMÁS DE PATA,090311,130,1
HUANCAVELICA,HUANCAVELICA,ANGARAES,SECCLLA,090312,277,1
HUANCAVELICA,HUANCAVELICA,CASTROVIRREYNA,ARMA,090402,61,1
HUANCAVELICA,HUANCAVELICA,CASTROVIRREYNA,AURAHUÁ,090403,119,1
HUANCAVELICA,HUANCAVELICA,CASTROVIRREYNA,CAPILLAS,090404,93,1
HUANCAVELICA,HUANCAVELICA,CASTROVIRREYNA,CASTROVIRREYNA,090401,199,4
HUANCAVELICA,HUANCAVELICA,CASTROVIRREYNA,CHUPAMARCA,090405,61,1
HUANCAVELICA,HUANCAVELICA,CASTROVIRREYNA,COCAS,090406,57,1
HUANCAVELICA,HUANCAVELICA,CASTROVIRREYNA,HUACHOS,090407,104,1
HUANCAVELICA,HUANCAVELICA,CASTROVIRREYNA,HUAMATAMBO,090408,26,1
HUANCAVELICA,HUANCAVELICA,CASTROVIRREYNA,MOLLEPAMPA,090409,79,1
HUANCAVELICA,HUANCAVELICA,CASTROVIRREYNA,SAN JUAN,090410,49,1
HUANCAVELICA,HUANCAVELICA,CASTROVIRREYNA,SANTA ANA,090411,36,1
HUANCAVELICA,HUANCAVELICA,CASTROVIRREYNA,TANTARA,090412,54,1
HUANCAVELICA,HUANCAVELICA,CASTROVIRREYNA,TICRAPO,090413,65,1
HUANCAVELICA,HUANCAVELICA,CHURCAMPA,ANCO,090502,565,2
HUANCAVELICA,HUANCAVELICA,CHURCAMPA,CHINCHIHUASI,090503,218,1
HUANCAVELICA,HUANCAVELICA,CHURCAMPA,CHURCAMPA,090501,378,2
HUANCAVELICA,HUANCAVELICA,CHURCAMPA,COSME,090511,304,3
HUANCAVELICA,HUANCAVELICA,CHURCAMPA,EL CARMEN,090504,249,1
HUANCAVELICA,HUANCAVELICA,CHURCAMPA,LA MERCED,090505,40,1
HUANCAVELICA,HUANCAVELICA,CHURCAMPA,LOCROJA,090506,321,2
HUANCAVELICA,HUANCAVELICA,CHURCAMPA,PACHAMARCA,090510,193,1
HUANCAVELICA,HUANCAVELICA,CHURCAMPA,PAUCARBAMBA,090507,460,6
HUANCAVELICA,HUANCAVELICA,CHURCAMPA,SAN MIGUEL DE MAYOCC,090508,47,1
HUANCAVELICA,HUANCAVELICA,CHURCAMPA,SAN PEDRO DE CORIS,090509,188,2
HUANCAVELICA,HUANCAVELICA,HUANCAVELICA,ACOBAMBILLA,090102,126,2
HUANCAVELICA,HUANCAVELICA,HUANCAVELICA,ACORIA,090103,1419,5
HUANCAVELICA,HUANCAVELICA,HUANCAVELICA,ASCENSIÓN,090118,466,3
HUANCAVELICA,HUANCAVELICA,HUANCAVELICA,CONAYCA,090104,35,1
HUANCAVELICA,HUANCAVELICA,HUANCAVELICA,CUENCA,090105,91,1
HUANCAVELICA,HUANCAVELICA,HUANCAVELICA,HUACHOCOLPA,090106,94,1
HUANCAVELICA,HUANCAVELICA,HUANCAVELICA,HUANCAVELICA,090101,792,4
HUANCAVELICA,HUANCAVELICA,HUANCAVELICA,HUANDO,090119,530,1
HUANCAVELICA,HUANCAVELICA,HUANCAVELICA,HUAYLLAHUARA,090107,32,1
HUANCAVELICA,HUANCAVELICA,HUANCAVELICA,IZCUCHACA,090108,21,2
HUANCAVELICA,HUANCAVELICA,HUANCAVELICA,LARIA,090109,42,1
HUANCAVELICA,HUANCAVELICA,HUANCAVELICA,MANTA,090110,76,1
HUANCAVELICA,HUANCAVELICA,HUANCAVELICA,MARISCAL CÁCERES,090111,31,1
HUANCAVELICA,HUANCAVELICA,HUANCAVELICA,MOYA,090112,61,1
HUANCAVELICA,HUANCAVELICA,HUANCAVELICA,NUEVO OCCORO,090113,134,1
HUANCAVELICA,HUANCAVELICA,HUANCAVELICA,PALCA,090114,117,1
HUANCAVELICA,HUANCAVELICA,HUANCAVELICA,PILCHACA,090115,39,1
HUANCAVELICA,HUANCAVELICA,HUANCAVELICA,VILCA,090116,148,1
HUANCAVELICA,HUANCAVELICA,HUANCAVELICA,YAULI,090117,2088,3
HUANCAVELICA,HUANCAVELICA,HUAYTARÁ,AYAVÍ,090602,41,1
HUANCAVELICA,HUANCAVELICA,HUAYTARÁ,CÓRDOVA,090603,47,0
HUANCAVELICA,HUANCAVELICA,HUAYTARÁ,HUAYACUNDO ARMA,090604,13,1
HUANCAVELICA,HUANCAVELICA,HUAYTARÁ,HUAYTARÁ,090601,75,3
HUANCAVELICA,HUANCAVELICA,HUAYTARÁ,LARAMARCA,090605,29,1
HUANCAVELICA,HUANCAVELICA,HUAYTARÁ,OCOYO,090606,66,0
HUANCAVELICA,HUANCAVELICA,HUAYTARÁ,PILPICHACA,090607,326,1
HUANCAVELICA,HUANCAVELICA,HUAYTARÁ,QUERCO,090608,56,1
HUANCAVELICA,HUANCAVELICA,HUAYTARÁ,QUITO-ARMA,090609,56,1
HUANCAVELICA,HUANCAVELICA,HUAYTARÁ,SAN ANTONIO DE CUSICANCHA,090610,124,1
HUANCAVELICA,HUANCAVELICA,HUAYTARÁ,SAN FRANCISCO DE SANGAYAICO,090611,70,0
HUANCAVELICA,HUANCAVELICA,HUAYTARÁ,SAN ISIDRO,090612,32,0
HUANCAVELICA,HUANCAVELICA,HUAYTARÁ,SANTIAGO DE CHOCORVOS,090613,114,2
HUANCAVELICA,HUANCAVELICA,HUAYTARÁ,SANTIAGO DE QUIRAHUARA,090614,30,1
HUANCAVELICA,HUANCAVELICA,HUAYTARÁ,SANTO DOMINGO DE CAPILLAS,090615,41,1
HUANCAVELICA,HUANCAVELICA,HUAYTARÁ,TAMBO,090616,28,0
HUANCAVELICA,HUANCAVELICA,TAYACAJA,ACOSTAMBO,090702,259,1
HUANCAVELICA,HUANCAVELICA,TAYACAJA,ACRAQUIA,090703,337,1
HUANCAVELICA,HUANCAVELICA,TAYACAJA,AHUAYCHA,090704,333,1
HUANCAVELICA,HUANCAVELICA,TAYACAJA,ANDAYMARCA,090720,180,1
HUANCAVELICA,HUANCAVELICA,TAYACAJA,COCHABAMBA,090725,94,1
HUANCAVELICA,HUANCAVELICA,TAYACAJA,COLCABAMBA,090705,1054,5
HUANCAVELICA,HUANCAVELICA,TAYACAJA,DANIEL HERNÁNDEZ,090706,686,2
HUANCAVELICA,HUANCAVELICA,TAYACAJA,HUACHOCOLPA,090707,237,3
HUANCAVELICA,HUANCAVELICA,TAYACAJA,HUARIBAMBA,090709,224,2
HUANCAVELICA,HUANCAVELICA,TAYACAJA,LAMBRAS,090724,142,0
HUANCAVELICA,HUANCAVELICA,TAYACAJA,ÑAHUIMPUQUIO,090710,107,2
HUANCAVELICA,HUANCAVELICA,TAYACAJA,PAMPAS,090701,605,6
HUANCAVELICA,HUANCAVELICA,TAYACAJA,PAZOS,090711,376,2
HUANCAVELICA,HUANCAVELICA,TAYACAJA,PICHOS,090722,118,1
HUANCAVELICA,HUANCAVELICA,TAYACAJA,QUICHUAS,090719,358,2
HUANCAVELICA,HUANCAVELICA,TAYACAJA,QUISHUAR,090713,79,1
HUANCAVELICA,HUANCAVELICA,TAYACAJA,ROBLE,090721,139,1
HUANCAVELICA,HUANCAVELICA,TAYACAJA,SALCABAMBA,090714,359,2
HUANCAVELICA,HUANCAVELICA,TAYACAJA,SALCAHUASI,090715,257,1
HUANCAVELICA,HUANCAVELICA,TAYACAJA,SAN MARCOS DE ROCCHAC,090716,119,1
HUANCAVELICA,HUANCAVELICA,TAYACAJA,SANTIAGO DE TUCUMA,090723,120,1
HUANCAVELICA,HUANCAVELICA,TAYACAJA,SURCUBAMBA,090717,449,2
HUANCAVELICA,HUANCAVELICA,TAYACAJA,TINTAY PUNCU,090718,199,1
HUANUCO,HUÁNUCO,AMBO,AMBO,100201,1202,3
HUANUCO,HUÁNUCO,AMBO,CAYNA,100202,263,1
HUANUCO,HUÁNUCO,AMBO,COLPAS,100203,152,1
HUANUCO,HUÁNUCO,AMBO,CONCHAMARCA,100204,384,2
HUANUCO,HUÁNUCO,AMBO,HUÁCAR,100205,661,1
HUANUCO,HUÁNUCO,AMBO,SAN FRANCISCO,100206,160,1
HUANUCO,HUÁNUCO,AMBO,SAN RAFAEL,100207,777,3
HUANUCO,HUÁNUCO,AMBO,TOMAY KICHWA,100208,148,1
HUANUCO,HUÁNUCO,DOS DE MAYO,CHUQUIS,100307,344,1
HUANUCO,HUÁNUCO,DOS DE MAYO,LA UNIÓN,100301,354,2
HUANUCO,HUÁNUCO,DOS DE MAYO,MARÍAS,100311,578,1
HUANUCO,HUÁNUCO,DOS DE MAYO,PACHAS,100313,445,1
HUANUCO,HUÁNUCO,DOS DE MAYO,QUIVILLA,100316,65,1
HUANUCO,HUÁNUCO,DOS DE MAYO,RIPÁN,100317,452,1
HUANUCO,HUÁNUCO,DOS DE MAYO,SHUNQUI,100321,159,1
HUANUCO,HUÁNUCO,DOS DE MAYO,SILLAPATA,100322,153,1
HUANUCO,HUÁNUCO,DOS DE MAYO,YANAS,100323,194,1
HUANUCO,HUÁNUCO,HUACAYBAMBA,CANCHABAMBA,100402,308,2
HUANUCO,HUÁNUCO,HUACAYBAMBA,COCHABAMBA,100403,127,1
HUANUCO,HUÁNUCO,HUACAYBAMBA,HUACAYBAMBA,100401,528,6
HUANUCO,HUÁNUCO,HUACAYBAMBA,PINRA,100404,645,3
HUANUCO,HUÁNUCO,HUAMALÍES,ARANCAY,100502,141,1
HUANUCO,HUÁNUCO,HUAMALÍES,CHAVÍN DE PARIARCA,100503,386,3
HUANUCO,HUÁNUCO,HUAMALÍES,JACAS GRANDE,100504,563,2
HUANUCO,HUÁNUCO,HUAMALÍES,JIRCÁN,100505,147,1
HUANUCO,HUÁNUCO,HUAMALÍES,LLATA,100501,1016,5
HUANUCO,HUÁNUCO,HUAMALÍES,MIRAFLORES,100506,316,1
HUANUCO,HUÁNUCO,HUAMALÍES,MONZÓN,100507,951,5
HUANUCO,HUÁNUCO,HUAMALÍES,PUNCHAO,100508,204,1
HUANUCO,HUÁNUCO,HUAMALÍES,PUÑOS,100509,446,1
HUANUCO,HUÁNUCO,HUAMALÍES,SINGA,100510,324,1
HUANUCO,HUÁNUCO,HUAMALÍES,TANTAMAYO,100511,139,1
HUANUCO,HUÁNUCO,HUÁNUCO,AMARILIS,100102,969,2
HUANUCO,HUÁNUCO,HUÁNUCO,CHINCHAO,100103,1247,3
HUANUCO,HUÁNUCO,HUÁNUCO,CHURUBAMBA,100104,1608,1
HUANUCO,HUÁNUCO,HUÁNUCO,HUÁNUCO,100101,621,5
HUANUCO,HUÁNUCO,HUÁNUCO,MARGOS,100105,471,1
HUANUCO,HUÁNUCO,HUÁNUCO,PILLCO MARCA,100111,477,1
HUANUCO,HUÁNUCO,HUÁNUCO,QUISQUI (KICHKI),100106,327,1
HUANUCO,HUÁNUCO,HUÁNUCO,SAN FRANCISCO DE CAYRÁN,100107,295,1
HUANUCO,HUÁNUCO,HUÁNUCO,SAN PABLO DE PILLAO,100113,885,1
HUANUCO,HUÁNUCO,HUÁNUCO,SAN PEDRO DE CHAULÁN,100108,297,0
HUANUCO,HUÁNUCO,HUÁNUCO,SANTA MARÍA DEL VALLE,100109,1524,2
HUANUCO,HUÁNUCO,HUÁNUCO,YACUS,100112,217,1
HUANUCO,HUÁNUCO,HUÁNUCO,YARUMAYO,100110,183,1
HUANUCO,HUÁNUCO,LAURICOCHA,BAÑOS,101002,167,1
HUANUCO,HUÁNUCO,LAURICOCHA,JESÚS,101001,394,1
HUANUCO,HUÁNUCO,LAURICOCHA,JIVIA,101003,83,1
HUANUCO,HUÁNUCO,LAURICOCHA,QUEROPALCA,101004,33,0
HUANUCO,HUÁNUCO,LAURICOCHA,RONDOS,101005,450,1
HUANUCO,HUÁNUCO,LAURICOCHA,SAN FRANCISCO DE ASÍS,101006,126,1
HUANUCO,HUÁNUCO,LAURICOCHA,SAN MIGUEL DE CAURI,101007,453,1
HUANUCO,HUÁNUCO,LEONCIO PRADO,CASTILLO GRANDE,100608,263,1
HUANUCO,HUÁNUCO,LEONCIO PRADO,DANIEL ALOMÍA ROBLES,100602,635,1
HUANUCO,HUÁNUCO,LEONCIO PRADO,HERMÍLIO VALDIZÁN,100603,350,1
HUANUCO,HUÁNUCO,LEONCIO PRADO,JOSÉ CRESPO Y CASTILLO,100604,925,6
HUANUCO,HUÁNUCO,LEONCIO PRADO,LUYANDO,100605,521,1
HUANUCO,HUÁNUCO,LEONCIO PRADO,MARIANO DAMASO BERAUN,100606,655,1
HUANUCO,HUÁNUCO,LEONCIO PRADO,PUCAYACU,100607,387,1
HUANUCO,HUÁNUCO,LEONCIO PRADO,PUEBLO NUEVO,100609,372,1
HUANUCO,HUÁNUCO,LEONCIO PRADO,RUPA-RUPA,100601,697,6
HUANUCO,HUÁNUCO,LEONCIO PRADO,SANTO DOMINGO DE ANDA,100610,215,0
HUANUCO,HUÁNUCO,MARAÑÓN,CHOLÓN,100702,724,3
HUANUCO,HUÁNUCO,MARAÑÓN,HUACRACHUCO,100701,1526,3
HUANUCO,HUÁNUCO,MARAÑÓN,LA MORADA,100704,360,2
HUANUCO,HUÁNUCO,MARAÑÓN,SAN BUENAVENTURA,100703,316,1
HUANUCO,HUÁNUCO,MARAÑÓN,SANTA ROSA DE ALTO YANAJANCA,100705,294,1
HUANUCO,HUÁNUCO,PACHITEA,CHAGLLA,100802,1019,3
HUANUCO,HUÁNUCO,PACHITEA,MOLINO,100803,1251,2
HUANUCO,HUÁNUCO,PACHITEA,PANAO,100801,1806,6
HUANUCO,HUÁNUCO,PACHITEA,UMARI,100804,1276,3
HUANUCO,HUÁNUCO,PUERTO INCA,CODO DEL POZUZO,100902,281,2
HUANUCO,HUÁNUCO,PUERTO INCA,HONORIA,100903,262,2
HUANUCO,HUÁNUCO,PUERTO INCA,PUERTO INCA,100901,497,2
HUANUCO,HUÁNUCO,PUERTO INCA,TOURNAVISTA,100904,319,1
HUANUCO,HUÁNUCO,PUERTO INCA,YUYAPICHIS,100905,250,1
HUANUCO,HUÁNUCO,YAROWILCA,APARICIO POMARES,101104,542,2
HUANUCO,HUÁNUCO,YAROWILCA,CÁHUAC,101102,99,1
HUANUCO,HUÁNUCO,YAROWILCA,CHACABAMBA,101103,110,0
HUANUCO,HUÁNUCO,YAROWILCA,CHAVINILLO,101101,478,5
HUANUCO,HUÁNUCO,YAROWILCA,CHORAS,101108,217,0
HUANUCO,HUÁNUCO,YAROWILCA,JACAS CHICO,101105,89,0
HUANUCO,HUÁNUCO,YAROWILCA,OBAS,101106,364,1
HUANUCO,HUÁNUCO,YAROWILCA,PAMPAMARCA,101107,117,1
ICA,ICA,CHINCHA,ALTO LARÁN,110202,57,1
ICA,ICA,CHINCHA,CHAVÍN,110203,16,1
ICA,ICA,CHINCHA,CHINCHA ALTA,110201,708,1
ICA,ICA,CHINCHA,CHINCHA BAJA,110204,87,1
ICA,ICA,CHINCHA,EL CARMEN,110205,160,1
ICA,ICA,CHINCHA,GROCIO PRADO,110206,580,2
ICA,ICA,CHINCHA,PUEBLO NUEVO,110207,699,1
ICA,ICA,CHINCHA,SAN JUAN DE YANAC,110208,13,1
ICA,ICA,CHINCHA,SAN PEDRO DE HUACARPANA,110209,4,1
ICA,ICA,CHINCHA,SUNAMPE,110210,359,1
ICA,ICA,CHINCHA,TAMBO DE MORA,110211,90,1
ICA,ICA,ICA,ICA,110101,862,4
ICA,ICA,ICA,LA TINGUIÑA,110102,299,2
ICA,ICA,ICA,LOS AQUIJES,110103,379,1
ICA,ICA,ICA,OCUCAJE,110104,100,1
ICA,ICA,ICA,PACHACÚTEC,110105,101,1
ICA,ICA,ICA,PARCONA,110106,575,4
ICA,ICA,ICA,PUEBLO NUEVO,110107,66,1
ICA,ICA,ICA,SALAS,110108,510,2
ICA,ICA,ICA,SAN JOSÉ DE LOS MOLINOS,110109,66,0
ICA,ICA,ICA,SAN JUAN BAUTISTA,110110,85,1
ICA,ICA,ICA,SANTIAGO,110111,294,1
ICA,ICA,ICA,SUBTANJALLA,110112,321,2
ICA,ICA,ICA,TATE,110113,77,1
ICA,ICA,ICA,YAUCA DEL ROSARIO,110114,4,1
ICA,ICA,NASCA,CHANGUILLO,110302,28,1
ICA,ICA,NASCA,EL INGENIO,110303,84,1
ICA,ICA,NASCA,MARCONA,110304,151,1
ICA,ICA,NASCA,NASCA,110301,271,3
ICA,ICA,NASCA,VISTA ALEGRE,110305,341,1
ICA,ICA,PALPA,LLIPATA,110402,35,1
ICA,ICA,PALPA,PALPA,110401,99,1
ICA,ICA,PALPA,RÍO GRANDE,110403,40,1
ICA,ICA,PALPA,SANTA CRUZ,110404,27,1
ICA,ICA,PISCO,HUANCANO,110502,30,1
ICA,ICA,PISCO,HUMAY,110503,112,2
ICA,ICA,PISCO,INDEPENDENCIA,110504,288,3
ICA,ICA,PISCO,PARACAS,110505,135,1
ICA,ICA,PISCO,PISCO,110501,603,2
ICA,ICA,PISCO,SAN ANDRÉS,110506,454,2
ICA,ICA,PISCO,SAN CLEMENTE,110507,411,2
ICA,ICA,PISCO,TÚPAC AMARU INCA,110508,243,1
JUNIN,JUNÍN,CHANCHAMAYO,CHANCHAMAYO,120301,374,2
JUNIN,JUNÍN,CHANCHAMAYO,PERENÉ,120302,1647,1
JUNIN,JUNÍN,CHANCHAMAYO,PICHANAQUI,120303,1566,7
JUNIN,JUNÍN,CHANCHAMAYO,SAN LUIS DE SHUARO,120304,149,1
JUNIN,JUNÍN,CHANCHAMAYO,SAN RAMÓN,120305,397,2
JUNIN,JUNÍN,CHANCHAMAYO,VÍTOC,120306,23,1
JUNIN,JUNÍN,CHUPACA,AHUAC,120902,129,1
JUNIN,JUNÍN,CHUPACA,CHONGOS BAJO,120903,135,1
JUNIN,JUNÍN,CHUPACA,CHUPACA,120901,217,3
JUNIN,JUNÍN,CHUPACA,HUÁCHAC,120904,56,2
JUNIN,JUNÍN,CHUPACA,HUAMANCACA CHICO,120905,147,1
JUNIN,JUNÍN,CHUPACA,SAN JUAN DE ISCOS,120906,46,1
JUNIN,JUNÍN,CHUPACA,SAN JUAN DE JARPA,120907,129,1
JUNIN,JUNÍN,CHUPACA,TRES DE DICIEMBRE,120908,146,1
JUNIN,JUNÍN,CHUPACA,YANACANCHA,120909,122,1
JUNIN,JUNÍN,CONCEPCIÓN,ACO,120202,98,1
JUNIN,JUNÍN,CONCEPCIÓN,ANDAMARCA,120203,309,2
JUNIN,JUNÍN,CONCEPCIÓN,CHAMBARA,120204,193,1
JUNIN,JUNÍN,CONCEPCIÓN,COCHAS,120205,124,1
JUNIN,JUNÍN,CONCEPCIÓN,COMAS,120206,351,5
JUNIN,JUNÍN,CONCEPCIÓN,CONCEPCIÓN,120201,191,5
JUNIN,JUNÍN,CONCEPCIÓN,HEROÍNAS TOLEDO,120207,51,1
JUNIN,JUNÍN,CONCEPCIÓN,MANZANARES,120208,28,1
JUNIN,JUNÍN,CONCEPCIÓN,MARISCAL CASTILLA,120209,96,1
JUNIN,JUNÍN,CONCEPCIÓN,MATAHUASI,120210,94,1
JUNIN,JUNÍN,CONCEPCIÓN,MITO,120211,45,1
JUNIN,JUNÍN,CONCEPCIÓN,NUEVE DE JULIO,120212,66,1
JUNIN,JUNÍN,CONCEPCIÓN,ORCOTUNA,120213,102,1
JUNIN,JUNÍN,CONCEPCIÓN,SAN JOSÉ DE QUERO,120214,136,1
JUNIN,JUNÍN,CONCEPCIÓN,SANTA ROSA DE OCOPA,120215,44,1
JUNIN,JUNÍN,HUANCAYO,CARHUACALLANGA,120104,2,0
JUNIN,JUNÍN,HUANCAYO,CHACAPAMPA,120105,33,1
JUNIN,JUNÍN,HUANCAYO,CHICCHE,120106,12,1
JUNIN,JUNÍN,HUANCAYO,CHILCA,120107,870,4
JUNIN,JUNÍN,HUANCAYO,CHONGOS ALTO,120108,46,1
JUNIN,JUNÍN,HUANCAYO,CHUPURO,120111,44,1
JUNIN,JUNÍN,HUANCAYO,COLCA,120112,54,1
JUNIN,JUNÍN,HUANCAYO,CULLHUAS,120113,83,0
JUNIN,JUNÍN,HUANCAYO,EL TAMBO,120114,690,5
JUNIN,JUNÍN,HUANCAYO,HUACRAPUQUIO,120116,74,1
JUNIN,JUNÍN,HUANCAYO,HUALHUAS,120117,125,1
JUNIN,JUNÍN,HUANCAYO,HUANCÁN,120119,523,3
JUNIN,JUNÍN,HUANCAYO,HUANCAYO,120101,309,6
JUNIN,JUNÍN,HUANCAYO,HUASICANCHA,120120,42,1
JUNIN,JUNÍN,HUANCAYO,HUAYUCACHI,120121,279,1
JUNIN,JUNÍN,HUANCAYO,INGENIO,120122,59,1
JUNIN,JUNÍN,HUANCAYO,PARIAHUANCA,120124,418,4
JUNIN,JUNÍN,HUANCAYO,PILCOMAYO,120125,221,2
JUNIN,JUNÍN,HUANCAYO,PUCARÁ,120126,268,2
JUNIN,JUNÍN,HUANCAYO,QUICHUAY,120127,36,0
JUNIN,JUNÍN,HUANCAYO,QUILCAS,120128,146,1
JUNIN,JUNÍN,HUANCAYO,SAN AGUSTÍN,120129,171,1
JUNIN,JUNÍN,HUANCAYO,SAN JERÓNIMO DE TUNÁN,120130,114,1
JUNIN,JUNÍN,HUANCAYO,SANTO DOMINGO DE ACOBAMBA,120135,486,2
JUNIN,JUNÍN,HUANCAYO,SAÑO,120132,117,1
JUNIN,JUNÍN,HUANCAYO,SAPALLANGA,120133,599,4
JUNIN,JUNÍN,HUANCAYO,SICAYA,120134,422,1
JUNIN,JUNÍN,HUANCAYO,VIQUES,120136,57,1
JUNIN,JUNÍN,JAUJA,ACOLLA,120402,204,3
JUNIN,JUNÍN,JAUJA,APATA,120403,167,3
JUNIN,JUNÍN,JAUJA,ATAURA,120404,10,0
JUNIN,JUNÍN,JAUJA,CANCHAYLLO,120405,28,1
JUNIN,JUNÍN,JAUJA,CURICACA,120406,43,1
JUNIN,JUNÍN,JAUJA,EL MANTARO,120407,79,1
JUNIN,JUNÍN,JAUJA,HUAMALÍ,120408,34,0
JUNIN,JUNÍN,JAUJA,HUARIPAMPA,120409,14,1
JUNIN,JUNÍN,JAUJA,HUERTAS,120410,64,1
JUNIN,JUNÍN,JAUJA,JANJAILLO,120411,21,1
JUNIN,JUNÍN,JAUJA,JAUJA,120401,264,3
JUNIN,JUNÍN,JAUJA,JULCÁN,120412,48,1
JUNIN,JUNÍN,JAUJA,LEONOR ORDÓÑEZ,120413,66,1
JUNIN,JUNÍN,JAUJA,LLOCLLAPAMPA,120414,12,1
JUNIN,JUNÍN,JAUJA,MARCO,120415,100,0
JUNIN,JUNÍN,JAUJA,MASMA,120416,143,1
JUNIN,JUNÍN,JAUJA,MASMA CHICCHE,120417,46,0
JUNIN,JUNÍN,JAUJA,MOLINOS,120418,91,1
JUNIN,JUNÍN,JAUJA,MONOBAMBA,120419,42,0
JUNIN,JUNÍN,JAUJA,MUQUI,120420,9,1
JUNIN,JUNÍN,JAUJA,MUQUIYAUYO,120421,80,1
JUNIN,JUNÍN,JAUJA,PACA,120422,59,1
JUNIN,JUNÍN,JAUJA,PACCHA,120423,63,1
JUNIN,JUNÍN,JAUJA,PANCÁN,120424,90,1
JUNIN,JUNÍN,JAUJA,PARCO,120425,39,1
JUNIN,JUNÍN,JAUJA,POMACANCHA,120426,69,1
JUNIN,JUNÍN,JAUJA,RICRÁN,120427,57,1
JUNIN,JUNÍN,JAUJA,SAN LORENZO,120428,111,1
JUNIN,JUNÍN,JAUJA,SAN PEDRO DE CHUNÁN,120429,4,1
JUNIN,JUNÍN,JAUJA,SAUSA,120430,48,1
JUNIN,JUNÍN,JAUJA,SINCOS,120431,217,1
JUNIN,JUNÍN,JAUJA,TUNAN MARCA,120432,41,1
JUNIN,JUNÍN,JAUJA,YAULI,120433,23,1
JUNIN,JUNÍN,JAUJA,YAUYOS,120434,115,1
JUNIN,JUNÍN,JUNÍN,CARHUAMAYO,120502,218,2
JUNIN,JUNÍN,JUNÍN,JUNÍN,120501,142,2
JUNIN,JUNÍN,JUNÍN,ONDORES,120503,23,1
JUNIN,JUNÍN,JUNÍN,ULCUMAYO,120504,351,1
JUNIN,JUNÍN,SATIPO,COVIRIALI,120602,152,1
JUNIN,JUNÍN,SATIPO,LLAYLLA,120603,416,2
JUNIN,JUNÍN,SATIPO,MAZAMARI,120604,1927,6
JUNIN,JUNÍN,SATIPO,PAMPA HERMOSA,120605,239,1
JUNIN,JUNÍN,SATIPO,PANGOA,120606,3775,13
JUNIN,JUNÍN,SATIPO,RÍO NEGRO,120607,981,3
JUNIN,JUNÍN,SATIPO,RÍO TAMBO,120608,3041,7
JUNIN,JUNÍN,SATIPO,SATIPO,120601,1159,7
JUNIN,JUNÍN,SATIPO,VIZCATÁN DEL ENE,120609,218,2
JUNIN,JUNÍN,TARMA,ACOBAMBA,120702,165,1
JUNIN,JUNÍN,TARMA,HUARICOLCA,120703,107,0
JUNIN,JUNÍN,TARMA,HUASAHUASI,120704,522,2
JUNIN,JUNÍN,TARMA,LA UNIÓN,120705,55,1
JUNIN,JUNÍN,TARMA,PALCA,120706,239,0
JUNIN,JUNÍN,TARMA,PALCAMAYO,120707,161,2
JUNIN,JUNÍN,TARMA,SAN PEDRO DE CAJAS,120708,145,2
JUNIN,JUNÍN,TARMA,TAPO,120709,282,1
JUNIN,JUNÍN,TARMA,TARMA,120701,497,4
JUNIN,JUNÍN,YAULI,CHACAPALPA,120802,17,1
JUNIN,JUNÍN,YAULI,HUAY-HUAY,120803,12,1
JUNIN,JUNÍN,YAULI,LA OROYA,120801,51,2
JUNIN,JUNÍN,YAULI,MARCAPOMACOCHA,120804,19,1
JUNIN,JUNÍN,YAULI,MOROCOCHA,120805,16,1
JUNIN,JUNÍN,YAULI,PACCHA,120806,6,1
JUNIN,JUNÍN,YAULI,SANTA BÁRBARA DE CARHUACAYÁN,120807,11,1
JUNIN,JUNÍN,YAULI,SANTA ROSA DE SACCO,120808,43,1
JUNIN,JUNÍN,YAULI,SUITUCANCHA,120809,14,1
JUNIN,JUNÍN,YAULI,YAULI,120810,10,1
LA LIBERTAD,LA LIBERTAD,ASCOPE,ASCOPE,130201,93,2
LA LIBERTAD,LA LIBERTAD,ASCOPE,CASA GRANDE,130208,220,2
LA LIBERTAD,LA LIBERTAD,ASCOPE,CHICAMA,130202,195,1
LA LIBERTAD,LA LIBERTAD,ASCOPE,CHOCOPE,130203,61,2
LA LIBERTAD,LA LIBERTAD,ASCOPE,MAGDALENA DE CAO,130204,19,1
LA LIBERTAD,LA LIBERTAD,ASCOPE,PAIJÁN,130205,572,3
LA LIBERTAD,LA LIBERTAD,ASCOPE,RÁZURI,130206,122,2
LA LIBERTAD,LA LIBERTAD,ASCOPE,SANTIAGO DE CAO,130207,107,1
LA LIBERTAD,LA LIBERTAD,BOLÍVAR,BAMBAMARCA,130302,428,3
LA LIBERTAD,LA LIBERTAD,BOLÍVAR,BOLÍVAR,130301,316,2
LA LIBERTAD,LA LIBERTAD,BOLÍVAR,CONDORMARCA,130303,231,1
LA LIBERTAD,LA LIBERTAD,BOLÍVAR,LONGOTEA,130304,142,1
LA LIBERTAD,LA LIBERTAD,BOLÍVAR,UCHUMARCA,130305,186,1
LA LIBERTAD,LA LIBERTAD,BOLÍVAR,UCUNCHA,130306,61,1
LA LIBERTAD,LA LIBERTAD,CHEPÉN,CHEPÉN,130401,1292,4
LA LIBERTAD,LA LIBERTAD,CHEPÉN,PACANGA,130402,1197,5
LA LIBERTAD,LA LIBERTAD,CHEPÉN,PUEBLO NUEVO,130403,643,1
LA LIBERTAD,LA LIBERTAD,GRAN CHIMÚ,CASCAS,131101,855,5
LA LIBERTAD,LA LIBERTAD,GRAN CHIMÚ,LUCMA,131102,498,2
LA LIBERTAD,LA LIBERTAD,GRAN CHIMÚ,MARMOT,131103,186,1
LA LIBERTAD,LA LIBERTAD,GRAN CHIMÚ,SAYAPULLO,131104,538,1
LA LIBERTAD,LA LIBERTAD,JULCÁN,CALAMARCA,130502,544,1
LA LIBERTAD,LA LIBERTAD,JULCÁN,CARABAMBA,130503,640,6
LA LIBERTAD,LA LIBERTAD,JULCÁN,HUASO,130504,549,1
LA LIBERTAD,LA LIBERTAD,JULCÁN,JULCÁN,130501,1123,4
LA LIBERTAD,LA LIBERTAD,OTUZCO,AGALLPAMPA,130602,965,2
LA LIBERTAD,LA LIBERTAD,OTUZCO,CHARAT,130604,205,1
LA LIBERTAD,LA LIBERTAD,OTUZCO,HUARANCHAL,130605,303,2
LA LIBERTAD,LA LIBERTAD,OTUZCO,LA CUESTA,130606,49,1
LA LIBERTAD,LA LIBERTAD,OTUZCO,MACHE,130608,236,1
LA LIBERTAD,LA LIBERTAD,OTUZCO,OTUZCO,130601,1860,8
LA LIBERTAD,LA LIBERTAD,OTUZCO,PARANDAY,130610,40,1
LA LIBERTAD,LA LIBERTAD,OTUZCO,SALPO,130611,413,1
LA LIBERTAD,LA LIBERTAD,OTUZCO,SINSICAP,130613,737,4
LA LIBERTAD,LA LIBERTAD,OTUZCO,USQUIL,130614,1783,6
LA LIBERTAD,LA LIBERTAD,PACASMAYO,GUADALUPE,130702,848,3
LA LIBERTAD,LA LIBERTAD,PACASMAYO,JEQUETEPEQUE,130703,87,1
LA LIBERTAD,LA LIBERTAD,PACASMAYO,PACASMAYO,130704,220,2
LA LIBERTAD,LA LIBERTAD,PACASMAYO,SAN JOSÉ,130705,869,1
LA LIBERTAD,LA LIBERTAD,PACASMAYO,SAN PEDRO DE LLOC,130701,222,2
LA LIBERTAD,LA LIBERTAD,PATAZ,BULDIBUYO,130802,345,1
LA LIBERTAD,LA LIBERTAD,PATAZ,CHILLIA,130803,1565,1
LA LIBERTAD,LA LIBERTAD,PATAZ,HUANCASPATA,130804,603,1
LA LIBERTAD,LA LIBERTAD,PATAZ,HUAYLILLAS,130805,99,1
LA LIBERTAD,LA LIBERTAD,PATAZ,HUAYO,130806,373,1
LA LIBERTAD,LA LIBERTAD,PATAZ,ONGÓN,130807,142,0
LA LIBERTAD,LA LIBERTAD,PATAZ,PARCOY,130808,667,3
LA LIBERTAD,LA LIBERTAD,PATAZ,PATAZ,130809,218,2
LA LIBERTAD,LA LIBERTAD,PATAZ,PÍAS,130810,78,1
LA LIBERTAD,LA LIBERTAD,PATAZ,SANTIAGO DE CHALLAS,130811,255,0
LA LIBERTAD,LA LIBERTAD,PATAZ,TAURIJA,130812,391,1
LA LIBERTAD,LA LIBERTAD,PATAZ,TAYABAMBA,130801,999,3
LA LIBERTAD,LA LIBERTAD,PATAZ,URPAY,130813,215,1
LA LIBERTAD,LA LIBERTAD,SÁNCHEZ CARRIÓN,CHUGAY,130902,1848,6
LA LIBERTAD,LA LIBERTAD,SÁNCHEZ CARRIÓN,COCHORCO,130903,927,4
LA LIBERTAD,LA LIBERTAD,SÁNCHEZ CARRIÓN,CURGOS,130904,899,1
LA LIBERTAD,LA LIBERTAD,SÁNCHEZ CARRIÓN,HUAMACHUCO,130901,3244,6
LA LIBERTAD,LA LIBERTAD,SÁNCHEZ CARRIÓN,MARCABAL,130905,1647,2
LA LIBERTAD,LA LIBERTAD,SÁNCHEZ CARRIÓN,SANAGORÁN,130906,1071,2
LA LIBERTAD,LA LIBERTAD,SÁNCHEZ CARRIÓN,SARÍN,130907,1004,4
LA LIBERTAD,LA LIBERTAD,SÁNCHEZ CARRIÓN,SARTIMBAMBA,130908,1269,4
LA LIBERTAD,LA LIBERTAD,SANTIAGO DE CHUCO,ANGASMARCA,131002,453,1
LA LIBERTAD,LA LIBERTAD,SANTIAGO DE CHUCO,CACHICADÁN,131003,334,1
LA LIBERTAD,LA LIBERTAD,SANTIAGO DE CHUCO,MOLLEBAMBA,131004,177,0
LA LIBERTAD,LA LIBERTAD,SANTIAGO DE CHUCO,MOLLEPATA,131005,205,3
LA LIBERTAD,LA LIBERTAD,SANTIAGO DE CHUCO,QUIRUVILCA,131006,666,1
LA LIBERTAD,LA LIBERTAD,SANTIAGO DE CHUCO,SANTA CRUZ DE CHUCA,131007,296,1
LA LIBERTAD,LA LIBERTAD,SANTIAGO DE CHUCO,SANTIAGO DE CHUCO,131001,1796,8
LA LIBERTAD,LA LIBERTAD,SANTIAGO DE CHUCO,SITABAMBA,131008,313,1
LA LIBERTAD,LA LIBERTAD,TRUJILLO,ALTO TRUJILLO,130112,1853,1
LA LIBERTAD,LA LIBERTAD,TRUJILLO,EL PORVENIR,130102,1635,4
LA LIBERTAD,LA LIBERTAD,TRUJILLO,FLORENCIA DE MORA,130103,601,1
LA LIBERTAD,LA LIBERTAD,TRUJILLO,HUANCHACO,130104,901,2
LA LIBERTAD,LA LIBERTAD,TRUJILLO,LA ESPERANZA,130105,1367,2
LA LIBERTAD,LA LIBERTAD,TRUJILLO,LAREDO,130106,363,2
LA LIBERTAD,LA LIBERTAD,TRUJILLO,MOCHE,130107,211,1
LA LIBERTAD,LA LIBERTAD,TRUJILLO,POROTO,130108,234,2
LA LIBERTAD,LA LIBERTAD,TRUJILLO,SALAVERRY,130109,583,4
LA LIBERTAD,LA LIBERTAD,TRUJILLO,SIMBAL,130110,332,2
LA LIBERTAD,LA LIBERTAD,TRUJILLO,TRUJILLO,130101,204,10
LA LIBERTAD,LA LIBERTAD,TRUJILLO,VÍCTOR LARCO HERRERA,130111,183,1
LA LIBERTAD,LA LIBERTAD,VIRÚ,CHAO,131202,1348,3
LA LIBERTAD,LA LIBERTAD,VIRÚ,GUADALUPITO,131203,422,1
LA LIBERTAD,LA LIBERTAD,VIRÚ,VIRÚ,131201,1041,3
LAMBAYEQUE,LAMBAYEQUE,CHICLAYO,CAYALTÍ,140116,207,2
LAMBAYEQUE,LAMBAYEQUE,CHICLAYO,CHICLAYO,140101,1717,8
LAMBAYEQUE,LAMBAYEQUE,CHICLAYO,CHONGOYAPE,140102,385,3
LAMBAYEQUE,LAMBAYEQUE,CHICLAYO,ÉTEN,140103,243,2
LAMBAYEQUE,LAMBAYEQUE,CHICLAYO,ETEN PUERTO,140104,23,1
LAMBAYEQUE,LAMBAYEQUE,CHICLAYO,JOSÉ LEONARDO ORTÍZ,140105,2261,8
LAMBAYEQUE,LAMBAYEQUE,CHICLAYO,LA VICTORIA,140106,922,4
LAMBAYEQUE,LAMBAYEQUE,CHICLAYO,LAGUNAS,140107,321,2
LAMBAYEQUE,LAMBAYEQUE,CHICLAYO,MONSEFÚ,140108,685,4
LAMBAYEQUE,LAMBAYEQUE,CHICLAYO,NUEVA ARICA,140109,76,1
LAMBAYEQUE,LAMBAYEQUE,CHICLAYO,OYOTÚN,140110,233,2
LAMBAYEQUE,LAMBAYEQUE,CHICLAYO,PÁTAPO,140117,290,2
LAMBAYEQUE,LAMBAYEQUE,CHICLAYO,PICSI,140111,217,1
LAMBAYEQUE,LAMBAYEQUE,CHICLAYO,PIMENTEL,140112,495,2
LAMBAYEQUE,LAMBAYEQUE,CHICLAYO,POMALCA,140118,364,2
LAMBAYEQUE,LAMBAYEQUE,CHICLAYO,PUCALÁ,140119,113,1
LAMBAYEQUE,LAMBAYEQUE,CHICLAYO,REQUE,140113,296,2
LAMBAYEQUE,LAMBAYEQUE,CHICLAYO,SANTA ROSA,140114,250,3
LAMBAYEQUE,LAMBAYEQUE,CHICLAYO,SAÑA,140115,283,1
LAMBAYEQUE,LAMBAYEQUE,CHICLAYO,TUMÁN,140120,385,3
LAMBAYEQUE,LAMBAYEQUE,FERREÑAFE,CAÑARIS,140202,1406,1
LAMBAYEQUE,LAMBAYEQUE,FERREÑAFE,FERREÑAFE,140201,440,6
LAMBAYEQUE,LAMBAYEQUE,FERREÑAFE,INCAHUASI,140203,1538,2
LAMBAYEQUE,LAMBAYEQUE,FERREÑAFE,MANUEL ANTONIO MESONES MURO,140204,206,1
LAMBAYEQUE,LAMBAYEQUE,FERREÑAFE,PÍTIPO,140205,694,1
LAMBAYEQUE,LAMBAYEQUE,FERREÑAFE,PUEBLO NUEVO,140206,480,1
LAMBAYEQUE,LAMBAYEQUE,LAMBAYEQUE,CHÓCHOPE,140302,168,1
LAMBAYEQUE,LAMBAYEQUE,LAMBAYEQUE,ÍLLIMO,140303,410,2
LAMBAYEQUE,LAMBAYEQUE,LAMBAYEQUE,JAYANCA,140304,542,5
LAMBAYEQUE,LAMBAYEQUE,LAMBAYEQUE,LAMBAYEQUE,140301,1548,5
LAMBAYEQUE,LAMBAYEQUE,LAMBAYEQUE,MOCHUMÍ,140305,798,2
LAMBAYEQUE,LAMBAYEQUE,LAMBAYEQUE,MÓRROPE,140306,3774,7
LAMBAYEQUE,LAMBAYEQUE,LAMBAYEQUE,MOTUPE,140307,884,2
LAMBAYEQUE,LAMBAYEQUE,LAMBAYEQUE,OLMOS,140308,1525,3
LAMBAYEQUE,LAMBAYEQUE,LAMBAYEQUE,PACORA,140309,357,1
LAMBAYEQUE,LAMBAYEQUE,LAMBAYEQUE,SALAS,140310,1311,2
LAMBAYEQUE,LAMBAYEQUE,LAMBAYEQUE,SAN JOSÉ,140311,714,1
LAMBAYEQUE,LAMBAYEQUE,LAMBAYEQUE,TÚCUME,140312,821,3
LIMA,CALLAO,CALLAO,BELLAVISTA,070102,31,2
LIMA,CALLAO,CALLAO,CALLAO,070101,1432,2
LIMA,CALLAO,CALLAO,CARMEN DE LA LEGUA REYNOSO,070103,151,2
LIMA,CALLAO,CALLAO,LA PERLA,070104,21,1
LIMA,CALLAO,CALLAO,MI PERÚ,070107,678,2
LIMA,CALLAO,CALLAO,VENTANILLA,070106,3009,4
LIMA,LIMA,BARRANCA,BARRANCA,150201,637,3
LIMA,LIMA,BARRANCA,PARAMONGA,150202,120,1
LIMA,LIMA,BARRANCA,PATIVILCA,150203,353,1
LIMA,LIMA,BARRANCA,SUPE,150204,603,1
LIMA,LIMA,BARRANCA,SUPE PUERTO,150205,248,1
LIMA,LIMA,CAJATAMBO,CAJATAMBO,150301,115,2
LIMA,LIMA,CAJATAMBO,COPA,150302,76,1
LIMA,LIMA,CAJATAMBO,GORGOR,150303,104,1
LIMA,LIMA,CAJATAMBO,HUANCAPÓN,150304,60,1
LIMA,LIMA,CAJATAMBO,MANÁS,150305,38,1
LIMA,LIMA,CANTA,ARAHUAY,150402,6,1
LIMA,LIMA,CANTA,CANTA,150401,13,1
LIMA,LIMA,CANTA,HUAMANTANGA,150403,11,1
LIMA,LIMA,CANTA,HUAROS,150404,2,1
LIMA,LIMA,CANTA,LACHAQUI,150405,6,1
LIMA,LIMA,CANTA,SAN BUENAVENTURA,150406,4,1
LIMA,LIMA,CANTA,SANTA ROSA DE QUIVES,150407,88,2
LIMA,LIMA,CAÑETE,ASIA,150502,34,1
LIMA,LIMA,CAÑETE,CALANGO,150503,21,1
LIMA,LIMA,CAÑETE,CERRO AZUL,150504,107,1
LIMA,LIMA,CAÑETE,CHILCA,150505,253,1
LIMA,LIMA,CAÑETE,COAYLLO,150506,8,1
LIMA,LIMA,CAÑETE,IMPERIAL,150507,577,1
LIMA,LIMA,CAÑETE,LUNAHUANÁ,150508,44,2
LIMA,LIMA,CAÑETE,MALA,150509,289,2
LIMA,LIMA,CAÑETE,NUEVO IMPERIAL,150510,556,1
LIMA,LIMA,CAÑETE,PACARÁN,150511,41,1
LIMA,LIMA,CAÑETE,QUILMANÁ,150512,252,1
LIMA,LIMA,CAÑETE,SAN ANTONIO,150513,45,1
LIMA,LIMA,CAÑETE,SAN LUIS,150514,196,1
LIMA,LIMA,CAÑETE,SAN VICENTE DE CAÑETE,150501,501,3
LIMA,LIMA,CAÑETE,SANTA CRUZ DE FLORES,150515,14,1
LIMA,LIMA,CAÑETE,ZÚÑIGA,150516,50,1
LIMA,LIMA,HUARAL,ATAVILLOS ALTO,150602,2,0
LIMA,LIMA,HUARAL,ATAVILLOS BAJO,150603,7,1
LIMA,LIMA,HUARAL,AUCALLAMA,150604,263,1
LIMA,LIMA,HUARAL,CHANCAY,150605,742,3
LIMA,LIMA,HUARAL,HUARAL,150601,1080,2
LIMA,LIMA,HUARAL,IHUARÍ,150606,46,1
LIMA,LIMA,HUARAL,LAMPIÁN,150607,7,1
LIMA,LIMA,HUARAL,PACARAOS,150608,6,1
LIMA,LIMA,HUARAL,SAN MIGUEL DE ACOS,150609,4,1
LIMA,LIMA,HUARAL,SANTA CRUZ DE ANDAMARCA,150610,2,0
LIMA,LIMA,HUARAL,SUMBILCA,150611,12,1
LIMA,LIMA,HUARAL,VEINTISIETE DE NOVIEMBRE,150612,2,1
LIMA,LIMA,HUAROCHIRÍ,ANTIOQUÍA,150702,10,1
LIMA,LIMA,HUAROCHIRÍ,CALLAHUANCA,150703,1,0
LIMA,LIMA,HUAROCHIRÍ,CARAMPOMA,150704,4,1
LIMA,LIMA,HUAROCHIRÍ,CHICLA,150705,11,1
LIMA,LIMA,HUAROCHIRÍ,CUENCA,150706,23,1
LIMA,LIMA,HUAROCHIRÍ,HUACHUPAMPA,150707,8,1
LIMA,LIMA,HUAROCHIRÍ,HUANZA,150708,6,1
LIMA,LIMA,HUAROCHIRÍ,HUAROCHIRÍ,150709,30,1
LIMA,LIMA,HUAROCHIRÍ,LAHUAYTAMBO,150710,5,0
LIMA,LIMA,HUAROCHIRÍ,LANGA,150711,60,0
LIMA,LIMA,HUAROCHIRÍ,MARÍATANA,150713,25,0
LIMA,LIMA,HUAROCHIRÍ,MATUCANA,150701,38,1
LIMA,LIMA,HUAROCHIRÍ,RICARDO PALMA,150714,79,0
LIMA,LIMA,HUAROCHIRÍ,SAN ANDRÉS DE TUPICOCHA,150715,85,1
LIMA,LIMA,HUAROCHIRÍ,SAN ANTONIO,150716,540,1
LIMA,LIMA,HUAROCHIRÍ,SAN BARTOLOMÉ,150717,17,0
LIMA,LIMA,HUAROCHIRÍ,SAN DAMIÁN,150718,82,1
LIMA,LIMA,HUAROCHIRÍ,SAN JUAN DE IRIS,150719,9,0
LIMA,LIMA,HUAROCHIRÍ,SAN JUAN DE TANTARANCHE,150720,5,0
LIMA,LIMA,HUAROCHIRÍ,SAN LORENZO DE QUINTI,150721,13,1
LIMA,LIMA,HUAROCHIRÍ,SAN MATEO,150722,49,1
LIMA,LIMA,HUAROCHIRÍ,SAN MATEO DE OTAO,150723,6,1
LIMA,LIMA,HUAROCHIRÍ,SAN PEDRO DE CASTA,150724,15,1
LIMA,LIMA,HUAROCHIRÍ,SAN PEDRO DE HUANCAYRE,150725,2,0
LIMA,LIMA,HUAROCHIRÍ,SAN PEDRO DE LARAOS,150712,1,0
LIMA,LIMA,HUAROCHIRÍ,SANGALLAYA,150726,39,1
LIMA,LIMA,HUAROCHIRÍ,SANTA CRUZ DE COCACHACRA,150727,18,0
LIMA,LIMA,HUAROCHIRÍ,SANTA EULALIA,150728,211,0
LIMA,LIMA,HUAROCHIRÍ,SANTIAGO DE ANCHUCAYA,150729,10,0
LIMA,LIMA,HUAROCHIRÍ,SANTIAGO DE TUNA,150730,22,0
LIMA,LIMA,HUAROCHIRÍ,SANTO DOMINGO DE LOS OLLEROS,150731,46,1
LIMA,LIMA,HUAROCHIRÍ,SURCO,150732,32,1
LIMA,LIMA,HUAURA,ÁMBAR,150802,229,1
LIMA,LIMA,HUAURA,CALETA DE CARQUÍN,150803,68,1
LIMA,LIMA,HUAURA,CHECRAS,150804,60,0
LIMA,LIMA,HUAURA,HUACHO,150801,359,7
LIMA,LIMA,HUAURA,HUALMAY,150805,194,0
LIMA,LIMA,HUAURA,HUAURA,150806,425,2
LIMA,LIMA,HUAURA,LEONCIO PRADO,150807,52,0
LIMA,LIMA,HUAURA,PACCHO,150808,17,1
LIMA,LIMA,HUAURA,SANTA LEONOR,150809,14,1
LIMA,LIMA,HUAURA,SANTA MARÍA,150810,508,1
LIMA,LIMA,HUAURA,SAYÁN,150811,413,1
LIMA,LIMA,HUAURA,VÉGUETA,150812,507,0
LIMA,LIMA,LIMA,ANCÓN,150102,690,2
LIMA,LIMA,LIMA,ATE,150103,1975,3
LIMA,LIMA,LIMA,BARRANCO,150104,5,1
LIMA,LIMA,LIMA,BREÑA,150105,64,2
LIMA,LIMA,LIMA,CARABAYLLO,150106,2512,2
LIMA,LIMA,LIMA,CHACLACAYO,150107,136,3
LIMA,LIMA,LIMA,CHORRILLOS,150108,471,2
LIMA,LIMA,LIMA,CIENEGUILLA,150109,242,1
LIMA,LIMA,LIMA,COMAS,150110,1725,4
LIMA,LIMA,LIMA,EL AGUSTINO,150111,712,2
LIMA,LIMA,LIMA,INDEPENDENCIA,150112,1117,5
LIMA,LIMA,LIMA,JESÚS MARÍA,150113,4,1
LIMA,LIMA,LIMA,LA MOLINA,150114,56,2
LIMA,LIMA,LIMA,LA VICTORIA,150115,383,2
LIMA,LIMA,LIMA,LIMA,150101,470,3
LIMA,LIMA,LIMA,LINCE,150116,13,1
LIMA,LIMA,LIMA,LOS OLIVOS,150117,300,2
LIMA,LIMA,LIMA,LURIGANCHO,150118,1520,3
LIMA,LIMA,LIMA,LURÍN,150119,612,3
LIMA,LIMA,LIMA,MAGDALENA DEL MAR,150120,14,1
LIMA,LIMA,LIMA,PACHACÁMAC,150123,1138,2
LIMA,LIMA,LIMA,PUCUSANA,150124,178,1
LIMA,LIMA,LIMA,PUEBLO LIBRE,150121,13,1
LIMA,LIMA,LIMA,PUENTE PIEDRA,150125,2807,2
LIMA,LIMA,LIMA,PUNTA HERMOSA,150126,49,1
LIMA,LIMA,LIMA,PUNTA NEGRA,150127,38,1
LIMA,LIMA,LIMA,RÍMAC,150128,626,1
LIMA,LIMA,LIMA,SAN BARTOLO,150129,28,1
LIMA,LIMA,LIMA,SAN BORJA,150130,15,2
LIMA,LIMA,LIMA,SAN JUAN DE LURIGANCHO,150132,4638,7
LIMA,LIMA,LIMA,SAN JUAN DE MIRAFLORES,150133,975,2
LIMA,LIMA,LIMA,SAN LUIS,150134,56,1
LIMA,LIMA,LIMA,SAN MARTÍN DE PORRES,150135,976,2
LIMA,LIMA,LIMA,SAN MIGUEL,150136,25,2
LIMA,LIMA,LIMA,SANTA ANITA,150137,509,2
LIMA,LIMA,LIMA,SANTA MARÍA DEL MAR,150138,2,1
LIMA,LIMA,LIMA,SANTA ROSA,150139,485,1
LIMA,LIMA,LIMA,SANTIAGO DE SURCO,150140,90,3
LIMA,LIMA,LIMA,SURQUILLO,150141,42,1
LIMA,LIMA,LIMA,VILLA EL SALVADOR,150142,1174,2
LIMA,LIMA,LIMA,VILLA MARÍA DEL TRIUNFO,150143,1422,2
LIMA,LIMA,OYÓN,CAUJUL,150903,21,1
LIMA,LIMA,OYÓN,COCHAMARCA,150904,46,1
LIMA,LIMA,OYÓN,NAVÁN,150905,14,1
LIMA,LIMA,OYÓN,OYÓN,150901,146,3
LIMA,LIMA,OYÓN,PACHANGARA,150906,19,1
LIMA,LIMA,YAUYOS,ALIS,151002,6,1
LIMA,LIMA,YAUYOS,ALLAUCA,151003,23,1
LIMA,LIMA,YAUYOS,AYAVIRÍ,151004,2,0
LIMA,LIMA,YAUYOS,AZÁNGARO,151005,24,0
LIMA,LIMA,YAUYOS,CACRA,151006,11,0
LIMA,LIMA,YAUYOS,CARANIA,151007,4,0
LIMA,LIMA,YAUYOS,CATAHUASI,151008,26,1
LIMA,LIMA,YAUYOS,CHOCOS,151009,59,0
LIMA,LIMA,YAUYOS,COCHAS,151010,4,0
LIMA,LIMA,YAUYOS,COLONIA,151011,97,1
LIMA,LIMA,YAUYOS,HONGOS,151012,31,0
LIMA,LIMA,YAUYOS,HUAMPARA,151013,1,0
LIMA,LIMA,YAUYOS,HUANCAYA,151014,6,1
LIMA,LIMA,YAUYOS,HUANGÁSCAR,151015,31,0
LIMA,LIMA,YAUYOS,HUANTÁN,151016,28,1
LIMA,LIMA,YAUYOS,LARAOS,151018,7,1
LIMA,LIMA,YAUYOS,LINCHA,151019,46,0
LIMA,LIMA,YAUYOS,MADEAN,151020,58,0
LIMA,LIMA,YAUYOS,MIRAFLORES,151021,2,0
LIMA,LIMA,YAUYOS,OMAS,151022,1,0
LIMA,LIMA,YAUYOS,PUTINZA,151023,6,0
LIMA,LIMA,YAUYOS,QUINCHES,151024,31,0
LIMA,LIMA,YAUYOS,QUINOCAY,151025,5,0
LIMA,LIMA,YAUYOS,SAN PEDRO DE PILAS,151027,3,0
LIMA,LIMA,YAUYOS,TANTA,151028,9,1
LIMA,LIMA,YAUYOS,TAURIPAMPA,151029,6,0
LIMA,LIMA,YAUYOS,TOMÁS,151030,9,0
LIMA,LIMA,YAUYOS,TUPE,151031,35,0
LIMA,LIMA,YAUYOS,VIÑAC,151032,129,0
LIMA,LIMA,YAUYOS,VITIS,151033,13,0
LIMA,LIMA,YAUYOS,YAUYOS,151001,17,1
LORETO - IQUITOS,LORETO,LORETO,NAUTA,160301,2232,10
LORETO - IQUITOS,LORETO,LORETO,PARINARI,160302,710,1
LORETO - IQUITOS,LORETO,LORETO,TIGRE,160303,849,14
LORETO - IQUITOS,LORETO,LORETO,TROMPETEROS,160304,671,4
LORETO - IQUITOS,LORETO,LORETO,URARINAS,160305,1181,5
LORETO - IQUITOS,LORETO,MARISCAL RAMÓN CASTILLA,PEBAS,160402,1033,2
LORETO - IQUITOS,LORETO,MARISCAL RAMÓN CASTILLA,RAMÓN CASTILLA,160401,2258,2
LORETO - IQUITOS,LORETO,MARISCAL RAMÓN CASTILLA,SAN PABLO,160404,1118,1
LORETO - IQUITOS,LORETO,MARISCAL RAMÓN CASTILLA,SANTA ROSA DE LORETO,160405,468,2
LORETO - IQUITOS,LORETO,MARISCAL RAMÓN CASTILLA,YAVARÍ,160403,409,9
LORETO - IQUITOS,LORETO,MAYNAS,ALTO NANAY,160102,315,1
LORETO - IQUITOS,LORETO,MAYNAS,BELÉN,160112,1432,3
LORETO - IQUITOS,LORETO,MAYNAS,FERNANDO LORES,160103,1275,1
LORETO - IQUITOS,LORETO,MAYNAS,INDIANA,160104,1060,1
LORETO - IQUITOS,LORETO,MAYNAS,IQUITOS,160101,817,6
LORETO - IQUITOS,LORETO,MAYNAS,LAS AMAZONAS,160105,700,1
LORETO - IQUITOS,LORETO,MAYNAS,MAZÁN,160106,1145,8
LORETO - IQUITOS,LORETO,MAYNAS,NAPO,160107,1102,17
LORETO - IQUITOS,LORETO,MAYNAS,PUNCHANA,160108,1248,4
LORETO - IQUITOS,LORETO,MAYNAS,SAN JUAN BAUTISTA,160113,3110,4
LORETO - IQUITOS,LORETO,MAYNAS,TORRES CAUSANA,160110,571,5
LORETO - IQUITOS,LORETO,PUTUMAYO,PUTUMAYO,160801,294,11
LORETO - IQUITOS,LORETO,PUTUMAYO,ROSA PANDURO,160802,57,4
LORETO - IQUITOS,LORETO,PUTUMAYO,TENIENTE MANUEL CLAVERO,160803,244,2
LORETO - IQUITOS,LORETO,PUTUMAYO,YAGUAS,160804,157,8
LORETO - IQUITOS,LORETO,REQUENA,ALTO TAPICHE,160502,129,1
LORETO - IQUITOS,LORETO,REQUENA,CAPELO,160503,307,1
LORETO - IQUITOS,LORETO,REQUENA,EMILIO SAN MARTÍN,160504,544,1
LORETO - IQUITOS,LORETO,REQUENA,JENARO HERRERA,160510,450,1
LORETO - IQUITOS,LORETO,REQUENA,MAQUÍA,160505,884,2
LORETO - IQUITOS,LORETO,REQUENA,PUINAHUA,160506,695,2
LORETO - IQUITOS,LORETO,REQUENA,REQUENA,160501,2030,6
LORETO - IQUITOS,LORETO,REQUENA,SAQUENA,160507,331,0
LORETO - IQUITOS,LORETO,REQUENA,SOPLÍN,160508,59,0
LORETO - IQUITOS,LORETO,REQUENA,TAPICHE,160509,98,0
LORETO - IQUITOS,LORETO,REQUENA,YAQUERANA,160511,283,1
LORETO - IQUITOS,LORETO,UCAYALI,CONTAMANA,160601,1432,5
LORETO - IQUITOS,LORETO,UCAYALI,INAHUAYA,160602,148,1
LORETO - IQUITOS,LORETO,UCAYALI,PADRE MÁRQUEZ,160603,454,1
LORETO - IQUITOS,LORETO,UCAYALI,PAMPA HERMOSA,160604,803,3
LORETO - IQUITOS,LORETO,UCAYALI,SARAYACU,160605,1475,2
LORETO - IQUITOS,LORETO,UCAYALI,VARGAS GUERRA,160606,776,3
LORETO - YURIMAGUAS,LORETO,ALTO AMAZONAS,BALSAPUERTO,160202,2336,3
LORETO - YURIMAGUAS,LORETO,ALTO AMAZONAS,JEBEROS,160205,505,4
LORETO - YURIMAGUAS,LORETO,ALTO AMAZONAS,LAGUNAS,160206,1347,5
LORETO - YURIMAGUAS,LORETO,ALTO AMAZONAS,SANTA CRUZ,160210,515,2
LORETO - YURIMAGUAS,LORETO,ALTO AMAZONAS,TENIENTE CÉSAR LÓPEZ ROJAS,160211,646,1
LORETO - YURIMAGUAS,LORETO,ALTO AMAZONAS,YURIMAGUAS,160201,6416,16
LORETO - YURIMAGUAS,LORETO,DATEM DEL MARAÑÓN,ANDOAS,160706,1090,3
LORETO - YURIMAGUAS,LORETO,DATEM DEL MARAÑÓN,BARRANCA,160701,1635,7
LORETO - YURIMAGUAS,LORETO,DATEM DEL MARAÑÓN,CAHUAPANAS,160702,982,2
LORETO - YURIMAGUAS,LORETO,DATEM DEL MARAÑÓN,MANSERICHE,160703,1058,4
LORETO - YURIMAGUAS,LORETO,DATEM DEL MARAÑÓN,MORONA,160704,876,8
LORETO - YURIMAGUAS,LORETO,DATEM DEL MARAÑÓN,PASTAZA,160705,727,3
MADRE DE DIOS,MADRE DE DIOS,MANU,FITZCARRALD,170202,146,1
MADRE DE DIOS,MADRE DE DIOS,MANU,HUEPETUHE,170204,90,1
MADRE DE DIOS,MADRE DE DIOS,MANU,MADRE DE DIOS,170203,248,2
MADRE DE DIOS,MADRE DE DIOS,MANU,MANU,170201,157,3
MADRE DE DIOS,MADRE DE DIOS,TAHUAMANU,IBERIA,170302,118,2
MADRE DE DIOS,MADRE DE DIOS,TAHUAMANU,IÑAPARI,170301,39,1
MADRE DE DIOS,MADRE DE DIOS,TAHUAMANU,TAHUAMANU,170303,78,1
MADRE DE DIOS,MADRE DE DIOS,TAMBOPATA,INAMBARI,170102,308,2
MADRE DE DIOS,MADRE DE DIOS,TAMBOPATA,LABERINTO,170104,148,2
MADRE DE DIOS,MADRE DE DIOS,TAMBOPATA,LAS PIEDRAS,170103,248,1
MADRE DE DIOS,MADRE DE DIOS,TAMBOPATA,TAMBOPATA,170101,1458,2
MOQUEGUA,MOQUEGUA,GENERAL SÁNCHEZ CERRO,CHOJATA,180202,10,1
MOQUEGUA,MOQUEGUA,GENERAL SÁNCHEZ CERRO,COALAQUE,180203,9,1
MOQUEGUA,MOQUEGUA,GENERAL SÁNCHEZ CERRO,ICHUÑA,180204,49,2
MOQUEGUA,MOQUEGUA,GENERAL SÁNCHEZ CERRO,LA CAPILLA,180205,8,1
MOQUEGUA,MOQUEGUA,GENERAL SÁNCHEZ CERRO,LLOQUE,180206,5,1
MOQUEGUA,MOQUEGUA,GENERAL SÁNCHEZ CERRO,MATALAQUE,180207,8,1
MOQUEGUA,MOQUEGUA,GENERAL SÁNCHEZ CERRO,OMATE,180201,11,2
MOQUEGUA,MOQUEGUA,GENERAL SÁNCHEZ CERRO,PUQUINA,180208,48,1
MOQUEGUA,MOQUEGUA,GENERAL SÁNCHEZ CERRO,UBINAS,180210,39,1
MOQUEGUA,MOQUEGUA,GENERAL SÁNCHEZ CERRO,YUNGA,180211,10,1
MOQUEGUA,MOQUEGUA,ILO,EL ALGARROBAL,180302,107,1
MOQUEGUA,MOQUEGUA,ILO,ILO,180301,548,1
MOQUEGUA,MOQUEGUA,ILO,PACOCHA,180303,2,1
MOQUEGUA,MOQUEGUA,MARISCAL NIETO,CARUMAS,180102,10,1
MOQUEGUA,MOQUEGUA,MARISCAL NIETO,CUCHUMBAYA,180103,9,1
MOQUEGUA,MOQUEGUA,MARISCAL NIETO,MOQUEGUA,180101,208,1
MOQUEGUA,MOQUEGUA,MARISCAL NIETO,SAMEGUA,180104,79,1
MOQUEGUA,MOQUEGUA,MARISCAL NIETO,SAN ANTONIO,180107,174,1
MOQUEGUA,MOQUEGUA,MARISCAL NIETO,SAN CRISTÓBAL,180105,11,1
MOQUEGUA,MOQUEGUA,MARISCAL NIETO,TORATA,180106,34,1
PASCO,PASCO,DANIEL ALCIDES CARRIÓN,CHACAYÁN,190202,103,1
PASCO,PASCO,DANIEL ALCIDES CARRIÓN,GOYLLARISQUIZGA,190203,15,1
PASCO,PASCO,DANIEL ALCIDES CARRIÓN,PÁUCAR,190204,165,1
PASCO,PASCO,DANIEL ALCIDES CARRIÓN,SAN PEDRO DE PILLAO,190205,76,1
PASCO,PASCO,DANIEL ALCIDES CARRIÓN,SANTA ANA DE TUSI,190206,318,2
PASCO,PASCO,DANIEL ALCIDES CARRIÓN,TÁPUC,190207,133,1
PASCO,PASCO,DANIEL ALCIDES CARRIÓN,VILCABAMBA,190208,36,1
PASCO,PASCO,DANIEL ALCIDES CARRIÓN,YANAHUANCA,190201,606,3
PASCO,PASCO,OXAPAMPA,CHONTABAMBA,190302,101,1
PASCO,PASCO,OXAPAMPA,CONSTITUCIÓN,190308,928,2
PASCO,PASCO,OXAPAMPA,HUANCABAMBA,190303,351,1
PASCO,PASCO,OXAPAMPA,OXAPAMPA,190301,205,3
PASCO,PASCO,OXAPAMPA,PALCAZÚ,190304,555,2
PASCO,PASCO,OXAPAMPA,POZUZO,190305,317,3
PASCO,PASCO,OXAPAMPA,PUERTO BERMÚDEZ,190306,1423,3
PASCO,PASCO,OXAPAMPA,VILLA RICA,190307,766,3
PASCO,PASCO,PASCO,CHAUPIMARCA,190101,357,4
PASCO,PASCO,PASCO,HUACHÓN,190102,194,2
PASCO,PASCO,PASCO,HUARIACA,190103,165,2
PASCO,PASCO,PASCO,HUAYLLAY,190104,85,2
PASCO,PASCO,PASCO,NINACACA,190105,202,1
PASCO,PASCO,PASCO,PALLANCHACRA,190106,96,1
PASCO,PASCO,PASCO,PAUCARTAMBO,190107,658,4
PASCO,PASCO,PASCO,SAN FRANCISCO DE ASÍS DE YARUSYACÁN,190108,87,1
PASCO,PASCO,PASCO,SIMÓN BOLÍVAR,190109,38,1
PASCO,PASCO,PASCO,TICLACAYÁN,190110,153,1
PASCO,PASCO,PASCO,TINYAHUARCO,190111,11,1
PASCO,PASCO,PASCO,VICCO,190112,73,1
PASCO,PASCO,PASCO,YANACANCHA,190113,70,2
PIURA,PIURA,AYABACA,AYABACA,200201,3338,9
PIURA,PIURA,AYABACA,FRÍAS,200202,2532,8
PIURA,PIURA,AYABACA,JILILÍ,200203,290,2
PIURA,PIURA,AYABACA,LAGUNAS,200204,694,3
PIURA,PIURA,AYABACA,MONTERO,200205,593,1
PIURA,PIURA,AYABACA,PACAIPAMPA,200206,2798,9
PIURA,PIURA,AYABACA,PAIMÁS,200207,1091,4
PIURA,PIURA,AYABACA,SAPILLICA,200208,1431,5
PIURA,PIURA,AYABACA,SÍCCHEZ,200209,140,1
PIURA,PIURA,AYABACA,SUYO,200210,1374,5
PIURA,PIURA,HUANCABAMBA,CANCHAQUE,200302,667,6
PIURA,PIURA,HUANCABAMBA,EL CARMEN DE LA FRONTERA,200303,1585,3
PIURA,PIURA,HUANCABAMBA,HUANCABAMBA,200301,2919,6
PIURA,PIURA,HUANCABAMBA,HUARMACA,200304,3833,4
PIURA,PIURA,HUANCABAMBA,LALAQUIZ,200305,476,1
PIURA,PIURA,HUANCABAMBA,SAN MIGUEL DE EL FAIQUE,200306,954,1
PIURA,PIURA,HUANCABAMBA,SÓNDOR,200307,821,2
PIURA,PIURA,HUANCABAMBA,SONDORILLO,200308,1443,2
PIURA,PIURA,MORROPÓN,BUENOS AIRES,200402,888,3
PIURA,PIURA,MORROPÓN,CHALACO,200403,772,1
PIURA,PIURA,MORROPÓN,CHULUCANAS,200401,6118,10
PIURA,PIURA,MORROPÓN,LA MATANZA,200404,1591,3
PIURA,PIURA,MORROPÓN,MORROPÓN,200405,1339,3
PIURA,PIURA,MORROPÓN,SALITRAL,200406,1043,2
PIURA,PIURA,MORROPÓN,SAN JUAN DE BIGOTE,200407,759,2
PIURA,PIURA,MORROPÓN,SANTA CATALINA DE MOSSA,200408,348,2
PIURA,PIURA,MORROPÓN,SANTO DOMINGO,200409,551,2
PIURA,PIURA,MORROPÓN,YAMANGO,200410,823,4
PIURA,PIURA,PAITA,AMOTAPE,200502,113,1
PIURA,PIURA,PAITA,ARENAL,200503,32,1
PIURA,PIURA,PAITA,COLÁN,200504,1265,3
PIURA,PIURA,PAITA,LA HUACA,200505,381,1
PIURA,PIURA,PAITA,PAITA,200501,1542,5
PIURA,PIURA,PAITA,TAMARINDO,200506,430,1
PIURA,PIURA,PAITA,VICHAYAL,200507,490,3
PIURA,PIURA,PIURA,CASTILLA,200104,1840,2
PIURA,PIURA,PIURA,CATACAOS,200105,5252,10
PIURA,PIURA,PIURA,CURA MORI,200107,1894,4
PIURA,PIURA,PIURA,EL TALLÁN,200108,727,2
PIURA,PIURA,PIURA,LA ARENA,200109,3518,2
PIURA,PIURA,PIURA,LA UNIÓN,200110,3300,7
PIURA,PIURA,PIURA,LAS LOMAS,200111,3197,10
PIURA,PIURA,PIURA,PIURA,200101,977,5
PIURA,PIURA,PIURA,TAMBO GRANDE,200114,8229,14
PIURA,PIURA,PIURA,VEINTISÉIS DE OCTUBRE,200115,2524,2
PIURA,PIURA,SECHURA,BELLAVISTA DE LA UNIÓN,200802,319,5
PIURA,PIURA,SECHURA,BERNAL,200803,564,1
PIURA,PIURA,SECHURA,CRISTO NOS VALGA,200804,461,1
PIURA,PIURA,SECHURA,RINCONADA LLICUAR,200806,138,1
PIURA,PIURA,SECHURA,SECHURA,200801,1307,4
PIURA,PIURA,SECHURA,VICE,200805,1186,1
PIURA,PIURA,SULLANA,BELLAVISTA,200602,683,1
PIURA,PIURA,SULLANA,IGNACIO ESCUDERO,200603,1533,5
PIURA,PIURA,SULLANA,LANCONES,200604,1198,3
PIURA,PIURA,SULLANA,MARCAVELICA,200605,901,4
PIURA,PIURA,SULLANA,MIGUEL CHECA,200606,850,2
PIURA,PIURA,SULLANA,QUERECOTILLO,200607,1814,5
PIURA,PIURA,SULLANA,SALITRAL,200608,152,2
PIURA,PIURA,SULLANA,SULLANA,200601,2738,6
PIURA,PIURA,TALARA,EL ALTO,200702,137,1
PIURA,PIURA,TALARA,LA BREA,200703,90,1
PIURA,PIURA,TALARA,LOBITOS,200704,22,0
PIURA,PIURA,TALARA,LOS ÓRGANOS,200705,177,1
PIURA,PIURA,TALARA,MÁNCORA,200706,478,4
PIURA,PIURA,TALARA,PARIÑAS,200701,985,2
PUNO,PUNO,AZÁNGARO,ACHAYA,210202,249,1
PUNO,PUNO,AZÁNGARO,ARAPA,210203,420,1
PUNO,PUNO,AZÁNGARO,ASILLO,210204,960,4
PUNO,PUNO,AZÁNGARO,AZÁNGARO,210201,1901,4
PUNO,PUNO,AZÁNGARO,CAMINACA,210205,190,1
PUNO,PUNO,AZÁNGARO,CHUPA,210206,392,1
PUNO,PUNO,AZÁNGARO,JOSÉ DOMINGO CHOQUEHUANCA,210207,273,5
PUNO,PUNO,AZÁNGARO,MUÑANI,210208,506,1
PUNO,PUNO,AZÁNGARO,POTONI,210209,292,2
PUNO,PUNO,AZÁNGARO,SAMÁN,210210,684,1
PUNO,PUNO,AZÁNGARO,SAN ANTÓN,210211,447,2
PUNO,PUNO,AZÁNGARO,SAN JOSÉ,210212,317,1
PUNO,PUNO,AZÁNGARO,SAN JUAN DE SALINAS,210213,125,1
PUNO,PUNO,AZÁNGARO,SANTIAGO DE PUPUJA,210214,263,1
PUNO,PUNO,AZÁNGARO,TIRAPATA,210215,206,1
PUNO,PUNO,CARABAYA,AJOYANI,210302,93,1
PUNO,PUNO,CARABAYA,AYAPATA,210303,444,4
PUNO,PUNO,CARABAYA,COASA,210304,379,2
PUNO,PUNO,CARABAYA,CORANI,210305,382,1
PUNO,PUNO,CARABAYA,CRUCERO,210306,539,4
PUNO,PUNO,CARABAYA,ITUATA,210307,370,1
PUNO,PUNO,CARABAYA,MACUSANI,210301,872,5
PUNO,PUNO,CARABAYA,OLLACHEA,210308,469,3
PUNO,PUNO,CARABAYA,SAN GABÁN,210309,141,2
PUNO,PUNO,CARABAYA,USICAYOS,210310,247,1
PUNO,PUNO,CHUCUITO,DESAGUADERO,210402,358,4
PUNO,PUNO,CHUCUITO,HUACULLANI,210403,347,1
PUNO,PUNO,CHUCUITO,JULI,210401,666,4
PUNO,PUNO,CHUCUITO,KELLUYO,210404,269,1
PUNO,PUNO,CHUCUITO,PISACOMA,210405,171,1
PUNO,PUNO,CHUCUITO,POMATA,210406,459,3
PUNO,PUNO,CHUCUITO,ZEPITA,210407,950,1
PUNO,PUNO,EL COLLAO,CAPAZO,210502,40,1
PUNO,PUNO,EL COLLAO,CONDURIRI,210505,153,0
PUNO,PUNO,EL COLLAO,ILAVE,210501,1347,3
PUNO,PUNO,EL COLLAO,PILCUYO,210503,311,1
PUNO,PUNO,EL COLLAO,SANTA ROSA,210504,178,1
PUNO,PUNO,HUANCANÉ,COJATA,210602,269,0
PUNO,PUNO,HUANCANÉ,HUANCANE,210601,1059,4
PUNO,PUNO,HUANCANÉ,HUATASANI,210603,135,1
PUNO,PUNO,HUANCANÉ,INCHUPALLA,210604,102,0
PUNO,PUNO,HUANCANÉ,PUSI,210605,222,1
PUNO,PUNO,HUANCANÉ,ROSASPATA,210606,223,0
PUNO,PUNO,HUANCANÉ,TARACO,210607,602,1
PUNO,PUNO,HUANCANÉ,VILQUE CHICO,210608,311,0
PUNO,PUNO,LAMPA,CABANILLA,210702,145,1
PUNO,PUNO,LAMPA,CALAPUJA,210703,94,0
PUNO,PUNO,LAMPA,LAMPA,210701,482,3
PUNO,PUNO,LAMPA,NICASIO,210704,221,2
PUNO,PUNO,LAMPA,OCUVIRI,210705,82,0
PUNO,PUNO,LAMPA,PALCA,210706,148,1
PUNO,PUNO,LAMPA,PARATÍA,210707,119,0
PUNO,PUNO,LAMPA,PUCARÁ,210708,326,3
PUNO,PUNO,LAMPA,SANTA LUCÍA,210709,239,1
PUNO,PUNO,LAMPA,VILAVILA,210710,36,1
PUNO,PUNO,MELGAR,ANTAUTA,210802,152,1
PUNO,PUNO,MELGAR,AYAVIRI,210801,809,7
PUNO,PUNO,MELGAR,CUPI,210803,120,1
PUNO,PUNO,MELGAR,LLALLI,210804,181,1
PUNO,PUNO,MELGAR,MACARI,210805,445,1
PUNO,PUNO,MELGAR,NUÑOA,210806,560,3
PUNO,PUNO,MELGAR,ORURILLO,210807,517,0
PUNO,PUNO,MELGAR,SANTA ROSA,210808,380,1
PUNO,PUNO,MELGAR,UMACHIRI,210809,99,1
PUNO,PUNO,MOHO,CONIMA,210902,110,0
PUNO,PUNO,MOHO,HUAYRAPATA,210903,119,1
PUNO,PUNO,MOHO,MOHO,210901,600,2
PUNO,PUNO,MOHO,TILALI,210904,84,0
PUNO,PUNO,PUNO,ACORA,210102,1232,2
PUNO,PUNO,PUNO,AMANTANÍ,210103,250,2
PUNO,PUNO,PUNO,ATUNCOLLA,210104,379,1
PUNO,PUNO,PUNO,CAPACHICA,210105,318,2
PUNO,PUNO,PUNO,CHUCUITO,210106,334,1
PUNO,PUNO,PUNO,COATA,210107,425,2
PUNO,PUNO,PUNO,HUATA,210108,212,2
PUNO,PUNO,PUNO,MAÑAZO,210109,195,1
PUNO,PUNO,PUNO,PAUCARCOLLA,210110,322,1
PUNO,PUNO,PUNO,PICHACANI,210111,348,1
PUNO,PUNO,PUNO,PLATERÍA,210112,388,1
PUNO,PUNO,PUNO,PUNO,210101,436,6
PUNO,PUNO,PUNO,SAN ANTONIO,210113,54,1
PUNO,PUNO,PUNO,TIQUILLACA,210114,67,0
PUNO,PUNO,PUNO,VILQUE,210115,116,1
PUNO,PUNO,SAN ANTONIO DE PUTINA,ANANEA,211002,108,2
PUNO,PUNO,SAN ANTONIO DE PUTINA,PEDRO VILCA APAZA,211003,107,0
PUNO,PUNO,SAN ANTONIO DE PUTINA,PUTINA,211001,594,2
PUNO,PUNO,SAN ANTONIO DE PUTINA,QUILCAPUNCU,211004,296,0
PUNO,PUNO,SAN ANTONIO DE PUTINA,SINA,211005,91,1
PUNO,PUNO,SAN ROMÁN,CABANA,211102,131,1
PUNO,PUNO,SAN ROMÁN,CABANILLAS,211103,94,2
PUNO,PUNO,SAN ROMÁN,CARACOTO,211104,447,1
PUNO,PUNO,SAN ROMÁN,JULIACA,211101,1877,10
PUNO,PUNO,SAN ROMÁN,SAN MIGUEL,211105,1047,3
PUNO,PUNO,SANDIA,ALTO INAMBARI,211209,303,2
PUNO,PUNO,SANDIA,CUYOCUYO,211202,251,1
PUNO,PUNO,SANDIA,LIMBANI,211203,102,1
PUNO,PUNO,SANDIA,PATAMBUCO,211204,324,1
PUNO,PUNO,SANDIA,PHARA,211205,128,2
PUNO,PUNO,SANDIA,QUIACA,211206,127,1
PUNO,PUNO,SANDIA,SAN JUAN DEL ORO,211207,248,2
PUNO,PUNO,SANDIA,SAN PEDRO DE PUTINA PUNCO,211210,172,2
PUNO,PUNO,SANDIA,SANDIA,211201,551,2
PUNO,PUNO,SANDIA,YANAHUAYA,211208,74,1
PUNO,PUNO,YUNGUYO,ANAPIA,211302,53,2
PUNO,PUNO,YUNGUYO,COPANI,211303,233,0
PUNO,PUNO,YUNGUYO,CUTURAPI,211304,31,1
PUNO,PUNO,YUNGUYO,OLLARAYA,211305,59,1
PUNO,PUNO,YUNGUYO,TINICACHI,211306,21,1
PUNO,PUNO,YUNGUYO,UNICACHI,211307,17,1
PUNO,PUNO,YUNGUYO,YUNGUYO,211301,558,5
SAN MARTIN,SAN MARTÍN,BELLAVISTA,ALTO BIAVO,220202,1184,6
SAN MARTIN,SAN MARTÍN,BELLAVISTA,BAJO BIAVO,220203,871,3
SAN MARTIN,SAN MARTÍN,BELLAVISTA,BELLAVISTA,220201,480,2
SAN MARTIN,SAN MARTÍN,BELLAVISTA,HUALLAGA,220204,94,1
SAN MARTIN,SAN MARTÍN,BELLAVISTA,SAN PABLO,220205,746,3
SAN MARTIN,SAN MARTÍN,BELLAVISTA,SAN RAFAEL,220206,147,1
SAN MARTIN,SAN MARTÍN,EL DORADO,AGUA BLANCA,220302,151,1
SAN MARTIN,SAN MARTÍN,EL DORADO,SAN JOSÉ DE SISA,220301,1358,3
SAN MARTIN,SAN MARTÍN,EL DORADO,SAN MARTÍN,220303,1323,2
SAN MARTIN,SAN MARTÍN,EL DORADO,SANTA ROSA,220304,968,4
SAN MARTIN,SAN MARTÍN,EL DORADO,SHATOJA,220305,274,1
SAN MARTIN,SAN MARTÍN,HUALLAGA,ALTO SAPOSOA,220402,372,2
SAN MARTIN,SAN MARTÍN,HUALLAGA,EL ESLABÓN,220403,165,1
SAN MARTIN,SAN MARTÍN,HUALLAGA,PISCOYACU,220404,278,1
SAN MARTIN,SAN MARTÍN,HUALLAGA,SACANCHE,220405,74,1
SAN MARTIN,SAN MARTÍN,HUALLAGA,SAPOSOA,220401,808,6
SAN MARTIN,SAN MARTÍN,HUALLAGA,TINGO DE SAPOSOA,220406,15,1
SAN MARTIN,SAN MARTÍN,LAMAS,ALONSO DE ALVARADO,220502,1475,7
SAN MARTIN,SAN MARTÍN,LAMAS,BARRANQUITA,220503,718,3
SAN MARTIN,SAN MARTÍN,LAMAS,CAYNARACHI,220504,681,7
SAN MARTIN,SAN MARTÍN,LAMAS,CUÑUMBUQUI,220505,329,1
SAN MARTIN,SAN MARTÍN,LAMAS,LAMAS,220501,1066,6
SAN MARTIN,SAN MARTÍN,LAMAS,PINTO RECODO,220506,965,2
SAN MARTIN,SAN MARTÍN,LAMAS,RUMISAPA,220507,397,1
SAN MARTIN,SAN MARTÍN,LAMAS,SAN ROQUE DE CUMBAZA,220508,195,1
SAN MARTIN,SAN MARTÍN,LAMAS,SHANAO,220509,221,2
SAN MARTIN,SAN MARTÍN,LAMAS,TABALOSOS,220510,1281,8
SAN MARTIN,SAN MARTÍN,LAMAS,ZAPATERO,220511,695,1
SAN MARTIN,SAN MARTÍN,MARISCAL CÁCERES,CAMPANILLA,220602,659,6
SAN MARTIN,SAN MARTÍN,MARISCAL CÁCERES,HUICUNGO,220603,530,3
SAN MARTIN,SAN MARTÍN,MARISCAL CÁCERES,JUANJUÍ,220601,687,2
SAN MARTIN,SAN MARTÍN,MARISCAL CÁCERES,PACHIZA,220604,301,3
SAN MARTIN,SAN MARTÍN,MARISCAL CÁCERES,PAJARILLO,220605,349,3
SAN MARTIN,SAN MARTÍN,MOYOBAMBA,CALZADA,220102,148,1
SAN MARTIN,SAN MARTÍN,MOYOBAMBA,HABANA,220103,115,1
SAN MARTIN,SAN MARTÍN,MOYOBAMBA,JEPELACIO,220104,1133,3
SAN MARTIN,SAN MARTÍN,MOYOBAMBA,MOYOBAMBA,220101,2047,4
SAN MARTIN,SAN MARTÍN,MOYOBAMBA,SORITOR,220105,1318,6
SAN MARTIN,SAN MARTÍN,MOYOBAMBA,YANTALO,220106,129,1
SAN MARTIN,SAN MARTÍN,PICOTA,BUENOS AIRES,220702,362,1
SAN MARTIN,SAN MARTÍN,PICOTA,CASPISAPA,220703,52,1
SAN MARTIN,SAN MARTÍN,PICOTA,PICOTA,220701,368,3
SAN MARTIN,SAN MARTÍN,PICOTA,PILLUANA,220704,65,1
SAN MARTIN,SAN MARTÍN,PICOTA,PUCACACA,220705,109,1
SAN MARTIN,SAN MARTÍN,PICOTA,SAN CRISTÓBAL,220706,52,1
SAN MARTIN,SAN MARTÍN,PICOTA,SAN HILARIÓN,220707,139,1
SAN MARTIN,SAN MARTÍN,PICOTA,SHAMBOYACU,220708,991,2
SAN MARTIN,SAN MARTÍN,PICOTA,TINGO DE PONASA,220709,491,3
SAN MARTIN,SAN MARTÍN,PICOTA,TRES UNIDOS,220710,504,2
SAN MARTIN,SAN MARTÍN,RIOJA,AWAJÚN,220802,762,2
SAN MARTIN,SAN MARTÍN,RIOJA,ELÍAS SOPLÍN VARGAS,220803,1279,5
SAN MARTIN,SAN MARTÍN,RIOJA,NUEVA CAJAMARCA,220804,1981,10
SAN MARTIN,SAN MARTÍN,RIOJA,PARDO MIGUEL,220805,1173,6
SAN MARTIN,SAN MARTÍN,RIOJA,POSIC,220806,86,1
SAN MARTIN,SAN MARTÍN,RIOJA,RIOJA,220801,599,2
SAN MARTIN,SAN MARTÍN,RIOJA,SAN FERNANDO,220807,97,1
SAN MARTIN,SAN MARTÍN,RIOJA,YORONGOS,220808,108,1
SAN MARTIN,SAN MARTÍN,RIOJA,YURACYACU,220809,225,2
SAN MARTIN,SAN MARTÍN,SAN MARTÍN,ALBERTO LEVEAU,220902,43,1
SAN MARTIN,SAN MARTÍN,SAN MARTÍN,CACATACHI,220903,96,3
SAN MARTIN,SAN MARTÍN,SAN MARTÍN,CHAZUTA,220904,1061,4
SAN MARTIN,SAN MARTÍN,SAN MARTÍN,CHIPURANA,220905,267,1
SAN MARTIN,SAN MARTÍN,SAN MARTÍN,EL PORVENIR,220906,268,2
SAN MARTIN,SAN MARTÍN,SAN MARTÍN,HUIMBAYOC,220907,465,2
SAN MARTIN,SAN MARTÍN,SAN MARTÍN,JUAN GUERRA,220908,123,2
SAN MARTIN,SAN MARTÍN,SAN MARTÍN,LA BANDA DE SHILCAYO,220909,819,6
SAN MARTIN,SAN MARTÍN,SAN MARTÍN,MORALES,220910,630,2
SAN MARTIN,SAN MARTÍN,SAN MARTÍN,PAPAPLAYA,220911,261,1
SAN MARTIN,SAN MARTÍN,SAN MARTÍN,SAN ANTONIO,220912,110,1
SAN MARTIN,SAN MARTÍN,SAN MARTÍN,SAUCE,220913,619,4
SAN MARTIN,SAN MARTÍN,SAN MARTÍN,SHAPAJA,220914,130,1
SAN MARTIN,SAN MARTÍN,SAN MARTÍN,TARAPOTO,220901,641,2
SAN MARTIN,SAN MARTÍN,TOCACHE,NUEVO PROGRESO,221002,356,1
SAN MARTIN,SAN MARTÍN,TOCACHE,POLVORA,221003,956,3
SAN MARTIN,SAN MARTÍN,TOCACHE,SANTA LUCIA,221006,120,1
SAN MARTIN,SAN MARTÍN,TOCACHE,SHUNTE,221004,247,2
SAN MARTIN,SAN MARTÍN,TOCACHE,TOCACHE,221001,778,3
SAN MARTIN,SAN MARTÍN,TOCACHE,UCHIZA,221005,483,3
TACNA,TACNA,CANDARAVE,CAIRANI,230202,14,1
TACNA,TACNA,CANDARAVE,CAMILACA,230203,13,1
TACNA,TACNA,CANDARAVE,CANDARAVE,230201,147,2
TACNA,TACNA,CANDARAVE,HUANUARA,230205,24,1
TACNA,TACNA,CANDARAVE,QUILAHUANI,230206,57,1
TACNA,TACNA,JORGE BASADRE,ILABAYA,230302,30,1
TACNA,TACNA,JORGE BASADRE,ITE,230303,15,1
TACNA,TACNA,JORGE BASADRE,LOCUMBA,230301,24,1
TACNA,TACNA,TACNA,ALTO DE LA ALIANZA,230102,387,2
TACNA,TACNA,TACNA,CALANA,230103,42,0
TACNA,TACNA,TACNA,CIUDAD NUEVA,230104,559,1
TACNA,TACNA,TACNA,CORONEL GREGORIO ALBARRACÍN LANCHIPA,230110,1628,2
TACNA,TACNA,TACNA,INCLÁN,230105,37,1
TACNA,TACNA,TACNA,LA YARADA LOS PALOS,230111,213,1
TACNA,TACNA,TACNA,PACHÍA,230106,12,1
TACNA,TACNA,TACNA,PALCA,230107,89,1
TACNA,TACNA,TACNA,POCOLLAY,230108,201,3
TACNA,TACNA,TACNA,SAMA,230109,15,1
TACNA,TACNA,TACNA,TACNA,230101,552,2
TACNA,TACNA,TARATA,ESTIQUE,230403,10,0
TACNA,TACNA,TARATA,ESTIQUE-PAMPA,230404,1,0
TACNA,TACNA,TARATA,HÉROES ALBARRACÍN,230402,11,1
TACNA,TACNA,TARATA,SITAJARA,230405,13,1
TACNA,TACNA,TARATA,SUSAPAYA,230406,26,1
TACNA,TACNA,TARATA,TARATA,230401,219,2
TACNA,TACNA,TARATA,TARUCACHI,230407,9,1
TACNA,TACNA,TARATA,TICACO,230408,56,1
TUMBES,TUMBES,CONTRALMIRANTE VILLAR,CANOAS DE PUNTA SAL,240203,254,1
TUMBES,TUMBES,CONTRALMIRANTE VILLAR,CASITAS,240202,90,1
TUMBES,TUMBES,CONTRALMIRANTE VILLAR,ZORRITOS,240201,322,4
TUMBES,TUMBES,TUMBES,CORRALES,240102,654,2
TUMBES,TUMBES,TUMBES,LA CRUZ,240103,275,1
TUMBES,TUMBES,TUMBES,PAMPAS DE HOSPITAL,240104,286,3
TUMBES,TUMBES,TUMBES,SAN JACINTO,240105,283,2
TUMBES,TUMBES,TUMBES,SAN JUAN DE LA VIRGEN,240106,155,1
TUMBES,TUMBES,TUMBES,TUMBES,240101,1873,9
TUMBES,TUMBES,ZARUMILLA,AGUAS VERDES,240302,747,7
TUMBES,TUMBES,ZARUMILLA,MATAPALO,240303,248,2
TUMBES,TUMBES,ZARUMILLA,PAPAYAL,240304,255,2
TUMBES,TUMBES,ZARUMILLA,ZARUMILLA,240301,705,3
UCAYALI,UCAYALI,ATALAYA,RAYMONDI,250201,1313,5
UCAYALI,UCAYALI,ATALAYA,SEPAHUA,250202,627,1
UCAYALI,UCAYALI,ATALAYA,TAHUANIA,250203,824,5
UCAYALI,UCAYALI,ATALAYA,YURUA,250204,103,1
UCAYALI,UCAYALI,CORONEL PORTILLO,CALLERÍA,250101,2287,4
UCAYALI,UCAYALI,CORONEL PORTILLO,CAMPOVERDE,250102,380,1
UCAYALI,UCAYALI,CORONEL PORTILLO,IPARIA,250103,793,11
UCAYALI,UCAYALI,CORONEL PORTILLO,MANANTAY,250107,1490,2
UCAYALI,UCAYALI,CORONEL PORTILLO,MASISEA,250104,598,4
UCAYALI,UCAYALI,CORONEL PORTILLO,NUEVA REQUENA,250106,306,1
UCAYALI,UCAYALI,CORONEL PORTILLO,YARINACOCHA,250105,2030,1
UCAYALI,UCAYALI,PADRE ABAD,ALEXANDER VON HUMBOLDT,250305,181,1
UCAYALI,UCAYALI,PADRE ABAD,BOQUERON,250307,80,1
UCAYALI,UCAYALI,PADRE ABAD,CURIMANA,250303,371,1
UCAYALI,UCAYALI,PADRE ABAD,HUIPOCA,250306,84,1
UCAYALI,UCAYALI,PADRE ABAD,IRAZOLA,250302,327,2
UCAYALI,UCAYALI,PADRE ABAD,NESHUYA,250304,234,1
UCAYALI,UCAYALI,PADRE ABAD,PADRE ABAD,250301,447,2
UCAYALI,UCAYALI,PURÚS,PURÚS,250401,274,1
